ID,NUM_EXPEDIENTE,FECHA/HORA,CALLE,NUMERO,DISTRITO,DISTRITO_2,TIPO_ACCIDENTE,TIPO_PERSONA,RANGO_EDAD,SEXO,LESIVIDAD
1,2021S000235,2021-01-01T23:05:00Z,AVDA. RAFAELA YBARRA / CALL. MARCELO USERA,0,Usera,https://wikidata.org/entity/Q953368,Alcance,Conductor,DE 45 A 49 AÑOS,Hombre,0
2,2021S000235,2021-01-01T23:05:00Z,AVDA. RAFAELA YBARRA / CALL. MARCELO USERA,0,Usera,https://wikidata.org/entity/Q953368,Alcance,Conductor,DE 40 A 44 AÑOS,Hombre,0
3,2021S000021,2021-01-01T22:57:00Z,CALL. BEMBIBRE / CALL. BACARES,0,Hortaleza,https://wikidata.org/entity/Q1928529,Choque contra obstáculo fijo,Conductor,DE 21 A 24 AÑOS,Hombre,0
4,2021S000021,2021-01-01T22:57:00Z,CALL. BEMBIBRE / CALL. BACARES,0,Hortaleza,https://wikidata.org/entity/Q1928529,Choque contra obstáculo fijo,Pasajero,DE 6 A 9 AÑOS,Mujer,14
5,2021S000021,2021-01-01T22:57:00Z,CALL. BEMBIBRE / CALL. BACARES,0,Hortaleza,https://wikidata.org/entity/Q1928529,Choque contra obstáculo fijo,Conductor,DESCONOCIDA,Desconocido,0
6,2021S000021,2021-01-01T22:57:00Z,CALL. BEMBIBRE / CALL. BACARES,0,Hortaleza,https://wikidata.org/entity/Q1928529,Choque contra obstáculo fijo,Conductor,DESCONOCIDA,Desconocido,0
7,2021S000116,2021-01-01T22:40:00Z,CALL. RAMON ARECES / AUTOV. M-30,0,Moratalaz,https://wikidata.org/entity/Q2076109,Choque contra obstáculo fijo,Conductor,DE 40 A 44 AÑOS,Hombre,0
8,2021S000022,2021-01-01T22:30:00Z,AVDA. ALBUFERA / CALL. LOPEZ GRASS,0,Puente de Vallecas,https://wikidata.org/entity/Q2003054,Alcance,Conductor,DE 25 A 29 AÑOS,Hombre,14
9,2021S000022,2021-01-01T22:30:00Z,AVDA. ALBUFERA / CALL. LOPEZ GRASS,0,Puente de Vallecas,https://wikidata.org/entity/Q2003054,Alcance,Conductor,DE 40 A 44 AÑOS,Hombre,2
10,2021S000052,2021-01-01T22:00:00Z,CALL. SAN GUMERSINDO / CALL. BENIDORM,0,Ciudad Lineal,https://wikidata.org/entity/Q1763694,Colisión lateral,Conductor,DE 21 A 24 AÑOS,Hombre,7
11,2021S000052,2021-01-01T22:00:00Z,CALL. SAN GUMERSINDO / CALL. BENIDORM,0,Ciudad Lineal,https://wikidata.org/entity/Q1763694,Colisión lateral,Conductor,DE 35 A 39 AÑOS,Hombre,14
12,2021S000163,2021-01-01T18:50:00Z,CALL. MENDEZ ALVARO,83,Arganzuela,https://wikidata.org/entity/Q2000929,Choque contra obstáculo fijo,Conductor,DE 65 A 69 AÑOS,Hombre,14
13,2021S000163,2021-01-01T18:50:00Z,CALL. MENDEZ ALVARO,83,Arganzuela,https://wikidata.org/entity/Q2000929,Choque contra obstáculo fijo,Pasajero,DE 18 A 20 AÑOS,Mujer,14
14,2021S000037,2021-01-01T14:36:00Z,CALL. CAPITAN BLANCO ARGIBAY,210,Tetuán,https://wikidata.org/entity/Q1773540,Colisión lateral,Conductor,DE 25 A 29 AÑOS,Mujer,0
15,2021S000037,2021-01-01T14:36:00Z,CALL. CAPITAN BLANCO ARGIBAY,210,Tetuán,https://wikidata.org/entity/Q1773540,Colisión lateral,Conductor,DESCONOCIDA,Desconocido,0
16,2021S000133,2021-01-01T13:30:00Z,AVDA. MONFORTE DE LEMOS,189,Fuencarral-El Pardo,https://wikidata.org/entity/Q656196,Colisión fronto-lateral,Conductor,DE 30 A 34 AÑOS,Hombre,0
17,2021S000133,2021-01-01T13:30:00Z,AVDA. MONFORTE DE LEMOS,189,Fuencarral-El Pardo,https://wikidata.org/entity/Q656196,Colisión fronto-lateral,Conductor,DE 45 A 49 AÑOS,Hombre,0
18,2021S000018,2021-01-01T12:30:00Z,CALL. COBALTO / CALL. SARGENTO BARRIGA,0,Villaverde,https://wikidata.org/entity/Q919536,Choque contra obstáculo fijo,Conductor,DE 25 A 29 AÑOS,Mujer,14
19,2021S000409,2021-01-01T11:50:00Z,AVDA. PUERTA DE HIERRO,5,Moncloa-Aravaca,https://wikidata.org/entity/Q2017682,Atropello a animal,Conductor,DE 45 A 49 AÑOS,Mujer,0
20,2021S000047,2021-01-01T11:38:00Z,CALL. JOSE BERGAMIN / CALL. FLORENCIO CANO CRISTOBAL,0,Moratalaz,https://wikidata.org/entity/Q2076109,Caída,Conductor,DE 45 A 49 AÑOS,Hombre,2
21,2021S000017,2021-01-01T11:30:00Z,CALL. BRAVO MURILLO,173,Tetuán,https://wikidata.org/entity/Q1773540,Alcance,Conductor,DE 25 A 29 AÑOS,Mujer,14
22,2021S000017,2021-01-01T11:30:00Z,CALL. BRAVO MURILLO,173,Tetuán,https://wikidata.org/entity/Q1773540,Alcance,Pasajero,DE 21 A 24 AÑOS,Hombre,14
23,2021S000017,2021-01-01T11:30:00Z,CALL. BRAVO MURILLO,173,Tetuán,https://wikidata.org/entity/Q1773540,Alcance,Conductor,DE 25 A 29 AÑOS,Hombre,14
24,2021S000017,2021-01-01T11:30:00Z,CALL. BRAVO MURILLO,173,Tetuán,https://wikidata.org/entity/Q1773540,Alcance,Pasajero,DE 25 A 29 AÑOS,Mujer,14
25,2021S000017,2021-01-01T11:30:00Z,CALL. BRAVO MURILLO,173,Tetuán,https://wikidata.org/entity/Q1773540,Alcance,Pasajero,DE 25 A 29 AÑOS,Hombre,14
26,2021S000017,2021-01-01T11:30:00Z,CALL. BRAVO MURILLO,173,Tetuán,https://wikidata.org/entity/Q1773540,Alcance,Pasajero,DE 25 A 29 AÑOS,Mujer,14
27,2021S000016,2021-01-01T09:25:00Z,CALL. PUERTO DE SANTA MARIA,12,Hortaleza,https://wikidata.org/entity/Q1928529,Choque contra obstáculo fijo,Conductor,DE 25 A 29 AÑOS,Hombre,14
28,2021S000014,2021-01-01T09:00:00Z,CALL. MARQUES DE JURA REAL,2,Carabanchel,https://wikidata.org/entity/Q1001991,Colisión fronto-lateral,Conductor,DESCONOCIDA,Desconocido,0
29,2021S000014,2021-01-01T09:00:00Z,CALL. MARQUES DE JURA REAL,2,Carabanchel,https://wikidata.org/entity/Q1001991,Colisión fronto-lateral,Conductor,DE 21 A 24 AÑOS,Hombre,0
30,2021S000010,2021-01-01T08:20:00Z,CALL. SOR ANGELA DE LA CRUZ / CALL. ORENSE,0,Tetuán,https://wikidata.org/entity/Q1773540,Choque contra obstáculo fijo,Conductor,DESCONOCIDA,Desconocido,0
31,2021S000011,2021-01-01T08:05:00Z,CALL. VIA CARPETANA / AVDA. NUESTRA SEÑORA DE VALVANERA,0,Carabanchel,https://wikidata.org/entity/Q1001991,Alcance,Conductor,DE 50 A 54 AÑOS,Hombre,7
32,2021S000011,2021-01-01T08:05:00Z,CALL. VIA CARPETANA / AVDA. NUESTRA SEÑORA DE VALVANERA,0,Carabanchel,https://wikidata.org/entity/Q1001991,Alcance,Conductor,DE 50 A 54 AÑOS,Hombre,14
33,2021S000015,2021-01-01T06:30:00Z,AVDA. LOGROÑO / GENERAL,0,Barajas,https://wikidata.org/entity/Q807230,Choque contra obstáculo fijo,Conductor,DE 25 A 29 AÑOS,Hombre,0
34,2021S000015,2021-01-01T06:30:00Z,AVDA. LOGROÑO / GENERAL,0,Barajas,https://wikidata.org/entity/Q807230,Choque contra obstáculo fijo,Pasajero,DE 30 A 34 AÑOS,Mujer,0
35,2020S019534,2021-01-01T04:30:00Z,AVDA. PABLO NERUDA / CALL. LEONESES,0,Puente de Vallecas,https://wikidata.org/entity/Q2003054,Colisión fronto-lateral,Conductor,DESCONOCIDA,Desconocido,0
36,2020S019534,2021-01-01T04:30:00Z,AVDA. PABLO NERUDA / CALL. LEONESES,0,Puente de Vallecas,https://wikidata.org/entity/Q2003054,Colisión fronto-lateral,Conductor,DE 30 A 34 AÑOS,Mujer,14
37,2020S019534,2021-01-01T04:30:00Z,AVDA. PABLO NERUDA / CALL. LEONESES,0,Puente de Vallecas,https://wikidata.org/entity/Q2003054,Colisión fronto-lateral,Pasajero,DE 35 A 39 AÑOS,Mujer,14
38,2020S019534,2021-01-01T04:30:00Z,AVDA. PABLO NERUDA / CALL. LEONESES,0,Puente de Vallecas,https://wikidata.org/entity/Q2003054,Colisión fronto-lateral,Pasajero,DE 10 A 14 AÑOS,Hombre,14
39,2020S019534,2021-01-01T04:30:00Z,AVDA. PABLO NERUDA / CALL. LEONESES,0,Puente de Vallecas,https://wikidata.org/entity/Q2003054,Colisión fronto-lateral,Conductor,DE 35 A 39 AÑOS,Hombre,7
40,2021S001513,2021-01-01T02:10:00Z,AVDA. GRAN VIA DE VILLAVERDE - ROTONDA,0,Villaverde,https://wikidata.org/entity/Q919536,Solo salida de la vía,Conductor,DE 25 A 29 AÑOS,Hombre,7
41,2021S000006,2021-01-01T01:35:00Z,CALL. JULIAN CAMARILLO,21,San Blas,https://wikidata.org/entity/Q2001937,Otro,Conductor,DE 45 A 49 AÑOS,Hombre,0
42,2021S000012,2021-01-01T01:30:00Z,AUTOV. M-30. +01800E 18RH15,0,Latina,https://wikidata.org/entity/Q794954,Choque contra obstáculo fijo,Conductor,DE 18 A 20 AÑOS,Hombre,0
43,2021S000012,2021-01-01T01:30:00Z,AUTOV. M-30. +01800E 18RH15,0,Latina,https://wikidata.org/entity/Q794954,Choque contra obstáculo fijo,Pasajero,DE 18 A 20 AÑOS,Hombre,0
44,2021S000012,2021-01-01T01:30:00Z,AUTOV. M-30. +01800E 18RH15,0,Latina,https://wikidata.org/entity/Q794954,Choque contra obstáculo fijo,Pasajero,DE 21 A 24 AÑOS,Mujer,0
45,2021S000012,2021-01-01T01:30:00Z,AUTOV. M-30. +01800E 18RH15,0,Latina,https://wikidata.org/entity/Q794954,Choque contra obstáculo fijo,Pasajero,DE 18 A 20 AÑOS,Mujer,0
46,2021S000004,2021-01-01T01:30:00Z,PASEO. CASTELLANA,4,Salamanca,https://wikidata.org/entity/Q1773521,Atropello a persona,Conductor,DE 65 A 69 AÑOS,Hombre,14
47,2021S000004,2021-01-01T01:30:00Z,PASEO. CASTELLANA,4,Salamanca,https://wikidata.org/entity/Q1773521,Atropello a persona,Peatón,DE 21 A 24 AÑOS,Hombre,14
48,2021S000005,2021-01-01T01:15:00Z,CALL. LAGO SAN MARTIN / CALL. LAGO MARACAIBO,0,Puente de Vallecas,https://wikidata.org/entity/Q2003054,Colisión fronto-lateral,Conductor,DE 25 A 29 AÑOS,Hombre,7
49,2021S000005,2021-01-01T01:15:00Z,CALL. LAGO SAN MARTIN / CALL. LAGO MARACAIBO,0,Puente de Vallecas,https://wikidata.org/entity/Q2003054,Colisión fronto-lateral,Conductor,DE 40 A 44 AÑOS,Mujer,14
50,2021S000383,2021-01-01T01:15:00Z,CALL. JACINTO VERDAGUER / CALL. LOLA MEMBRIVES,0,Carabanchel,https://wikidata.org/entity/Q1001991,Atropello a persona,Conductor,DE 70 A 74 AÑOS,Hombre,14
51,2021S000383,2021-01-01T01:15:00Z,CALL. JACINTO VERDAGUER / CALL. LOLA MEMBRIVES,0,Carabanchel,https://wikidata.org/entity/Q1001991,Atropello a persona,Peatón,DE 35 A 39 AÑOS,Hombre,14
52,2021S000383,2021-01-01T01:15:00Z,CALL. JACINTO VERDAGUER / CALL. LOLA MEMBRIVES,0,Carabanchel,https://wikidata.org/entity/Q1001991,Atropello a persona,Peatón,DE 0 A 5 AÑOS,Mujer,7
53,2021S000001,2021-01-01T00:50:00Z,AVDA. PRINCESA JUANA DE AUSTRIA / AVDA. POBLADOS,0,Usera,https://wikidata.org/entity/Q953368,Colisión fronto-lateral,Conductor,DE 40 A 44 AÑOS,Hombre,14
54,2021S000001,2021-01-01T00:50:00Z,AVDA. PRINCESA JUANA DE AUSTRIA / AVDA. POBLADOS,0,Usera,https://wikidata.org/entity/Q953368,Colisión fronto-lateral,Conductor,DE 35 A 39 AÑOS,Mujer,2
55,2021S000001,2021-01-01T00:50:00Z,AVDA. PRINCESA JUANA DE AUSTRIA / AVDA. POBLADOS,0,Usera,https://wikidata.org/entity/Q953368,Colisión fronto-lateral,Pasajero,DE 45 A 49 AÑOS,Hombre,14
56,2021S000001,2021-01-01T00:50:00Z,AVDA. PRINCESA JUANA DE AUSTRIA / AVDA. POBLADOS,0,Usera,https://wikidata.org/entity/Q953368,Colisión fronto-lateral,Pasajero,DE 15 A 17 AÑOS,Hombre,2
57,2021S000001,2021-01-01T00:50:00Z,AVDA. PRINCESA JUANA DE AUSTRIA / AVDA. POBLADOS,0,Usera,https://wikidata.org/entity/Q953368,Colisión fronto-lateral,Pasajero,DE 0 A 5 AÑOS,Hombre,2
58,2021S000003,2021-01-01T00:30:00Z,ARROYO DE LA MEDIA LEGUA CON AVDA. DE LAS 13 ROSAS,0,Moratalaz,https://wikidata.org/entity/Q2076109,Colisión frontal,Conductor,DE 45 A 49 AÑOS,Mujer,2
59,2021S000003,2021-01-01T00:30:00Z,ARROYO DE LA MEDIA LEGUA CON AVDA. DE LAS 13 ROSAS,0,Moratalaz,https://wikidata.org/entity/Q2076109,Colisión frontal,Conductor,DE 40 A 44 AÑOS,Hombre,3
60,2021S000078,2021-02-01T23:20:00Z,CALL. VITAL AZA / CALL. LOS URQUIZA,0,Ciudad Lineal,https://wikidata.org/entity/Q1763694,Colisión fronto-lateral,Conductor,DE 21 A 24 AÑOS,Hombre,0
61,2021S000078,2021-02-01T23:20:00Z,CALL. VITAL AZA / CALL. LOS URQUIZA,0,Ciudad Lineal,https://wikidata.org/entity/Q1763694,Colisión fronto-lateral,Pasajero,DE 21 A 24 AÑOS,Hombre,0
62,2021S000078,2021-02-01T23:20:00Z,CALL. VITAL AZA / CALL. LOS URQUIZA,0,Ciudad Lineal,https://wikidata.org/entity/Q1763694,Colisión fronto-lateral,Conductor,DE 40 A 44 AÑOS,Hombre,0
63,2021S000067,2021-02-01T23:10:00Z,CALL. AMOR DE DIOS / CALL. SANTA MARIA,0,Centro,https://wikidata.org/entity/Q1763376,Colisión fronto-lateral,Conductor,DE 18 A 20 AÑOS,Hombre,3
64,2021S000067,2021-02-01T23:10:00Z,CALL. AMOR DE DIOS / CALL. SANTA MARIA,0,Centro,https://wikidata.org/entity/Q1763376,Colisión fronto-lateral,Conductor,DE 45 A 49 AÑOS,Hombre,14
65,2021S000064,2021-02-01T22:30:00Z,CALL. GRAN VIA,74,Centro,https://wikidata.org/entity/Q1763376,Alcance,Conductor,DE 60 A 64 AÑOS,Mujer,0
66,2021S000064,2021-02-01T22:30:00Z,CALL. GRAN VIA,74,Centro,https://wikidata.org/entity/Q1763376,Alcance,Conductor,DE 40 A 44 AÑOS,Hombre,0
67,2021S000229,2021-02-01T22:30:00Z,AVDA. ANDALUCIA / AVDA. POBLADOS,0,Usera,https://wikidata.org/entity/Q953368,Colisión fronto-lateral,Conductor,DE 35 A 39 AÑOS,Hombre,0
68,2021S000229,2021-02-01T22:30:00Z,AVDA. ANDALUCIA / AVDA. POBLADOS,0,Usera,https://wikidata.org/entity/Q953368,Colisión fronto-lateral,Conductor,DE 25 A 29 AÑOS,Mujer,0
69,2021S000229,2021-02-01T22:30:00Z,AVDA. ANDALUCIA / AVDA. POBLADOS,0,Usera,https://wikidata.org/entity/Q953368,Colisión fronto-lateral,Pasajero,DE 30 A 34 AÑOS,Hombre,0
70,2021S000093,2021-02-01T22:20:00Z,CALL. ALCALA,154,Salamanca,https://wikidata.org/entity/Q1773521,Atropello a persona,Conductor,DESCONOCIDA,Desconocido,0
71,2021S000093,2021-02-01T22:20:00Z,CALL. ALCALA,154,Salamanca,https://wikidata.org/entity/Q1773521,Atropello a persona,Peatón,DE 10 A 14 AÑOS,Hombre,1
72,2021S000106,2021-02-01T22:15:00Z,CALL. GODELLA,245,Villaverde,https://wikidata.org/entity/Q919536,Atropello a persona,Conductor,DE 25 A 29 AÑOS,Hombre,14
73,2021S000106,2021-02-01T22:15:00Z,CALL. GODELLA,245,Villaverde,https://wikidata.org/entity/Q919536,Atropello a persona,Conductor,DESCONOCIDA,Desconocido,0
74,2021S000106,2021-02-01T22:15:00Z,CALL. GODELLA,245,Villaverde,https://wikidata.org/entity/Q919536,Atropello a persona,Peatón,DE 25 A 29 AÑOS,Hombre,2
75,2021S000472,2021-02-01T22:00:00Z,CALL. CAMARENA,57,Latina,https://wikidata.org/entity/Q794954,Colisión múltiple,Conductor,DE 30 A 34 AÑOS,Hombre,0
76,2021S000472,2021-02-01T22:00:00Z,CALL. CAMARENA,57,Latina,https://wikidata.org/entity/Q794954,Colisión múltiple,Conductor,DE 25 A 29 AÑOS,Hombre,0
77,2021S000472,2021-02-01T22:00:00Z,CALL. CAMARENA,57,Latina,https://wikidata.org/entity/Q794954,Colisión múltiple,Conductor,DE 40 A 44 AÑOS,Hombre,0
78,2021S000063,2021-02-01T21:30:00Z,AUTOV. M-30. +011800E,0,Puente de Vallecas,https://wikidata.org/entity/Q2003054,Colisión múltiple,Conductor,DE 25 A 29 AÑOS,Hombre,2
79,2021S000063,2021-02-01T21:30:00Z,AUTOV. M-30. +011800E,0,Puente de Vallecas,https://wikidata.org/entity/Q2003054,Colisión múltiple,Conductor,DE 25 A 29 AÑOS,Hombre,14
80,2021S000063,2021-02-01T21:30:00Z,AUTOV. M-30. +011800E,0,Puente de Vallecas,https://wikidata.org/entity/Q2003054,Colisión múltiple,Conductor,DE 40 A 44 AÑOS,Hombre,7
81,2021S000110,2021-02-01T20:58:00Z,AVDA. ENSANCHE DE VALLECAS,12,Villa de Vallecas,https://wikidata.org/entity/Q1947988,Alcance,Conductor,DE 30 A 34 AÑOS,Hombre,14
82,2021S000110,2021-02-01T20:58:00Z,AVDA. ENSANCHE DE VALLECAS,12,Villa de Vallecas,https://wikidata.org/entity/Q1947988,Alcance,Conductor,DE 45 A 49 AÑOS,Hombre,7
83,2021S000061,2021-02-01T20:40:00Z,CALL. ANGEL LUIS DE LA HERRAN,35,Hortaleza,https://wikidata.org/entity/Q1928529,Colisión múltiple,Conductor,DE 55 A 59 AÑOS,Hombre,0
84,2021S000061,2021-02-01T20:40:00Z,CALL. ANGEL LUIS DE LA HERRAN,35,Hortaleza,https://wikidata.org/entity/Q1928529,Colisión múltiple,Pasajero,DE 50 A 54 AÑOS,Hombre,0
85,2021S000061,2021-02-01T20:40:00Z,CALL. ANGEL LUIS DE LA HERRAN,35,Hortaleza,https://wikidata.org/entity/Q1928529,Colisión múltiple,Conductor,DESCONOCIDA,Desconocido,0
86,2021S000061,2021-02-01T20:40:00Z,CALL. ANGEL LUIS DE LA HERRAN,35,Hortaleza,https://wikidata.org/entity/Q1928529,Colisión múltiple,Conductor,DESCONOCIDA,Desconocido,0
87,2021S000061,2021-02-01T20:40:00Z,CALL. ANGEL LUIS DE LA HERRAN,35,Hortaleza,https://wikidata.org/entity/Q1928529,Colisión múltiple,Conductor,DESCONOCIDA,Desconocido,0
88,2021S000107,2021-02-01T19:30:00Z,AVDA. PABLO IGLESIAS,17,Chamberí,https://wikidata.org/entity/Q1763370,Caída,Conductor,DE 35 A 39 AÑOS,Hombre,6
89,2021S000388,2021-02-01T19:00:00Z,CALL. RAFAEL FINAT / AVDA. POBLADOS,0,Latina,https://wikidata.org/entity/Q794954,Alcance,Conductor,DE 55 A 59 AÑOS,Mujer,14
90,2021S000388,2021-02-01T19:00:00Z,CALL. RAFAEL FINAT / AVDA. POBLADOS,0,Latina,https://wikidata.org/entity/Q794954,Alcance,Pasajero,MAYOR DE 74 AÑOS,Mujer,14
91,2021S000388,2021-02-01T19:00:00Z,CALL. RAFAEL FINAT / AVDA. POBLADOS,0,Latina,https://wikidata.org/entity/Q794954,Alcance,Conductor,MAYOR DE 74 AÑOS,Hombre,14
92,2021S000388,2021-02-01T19:00:00Z,CALL. RAFAEL FINAT / AVDA. POBLADOS,0,Latina,https://wikidata.org/entity/Q794954,Alcance,Pasajero,DE 70 A 74 AÑOS,Mujer,14
93,2021S000059,2021-02-01T18:20:00Z,CALL. VIRGEN DEL SAGRARIO / CALL. SAMBARA,0,Ciudad Lineal,https://wikidata.org/entity/Q1763694,Otro,Conductor,DE 45 A 49 AÑOS,Mujer,14
94,2021S000062,2021-02-01T18:00:00Z,PLAZA. INDEPENDENCIA,3,Salamanca,https://wikidata.org/entity/Q1773521,Caída,Conductor,DE 30 A 34 AÑOS,Hombre,7
95,2021S000060,2021-02-01T17:55:00Z,CALL. CABO DE TARIFA,9,Puente de Vallecas,https://wikidata.org/entity/Q2003054,Choque contra obstáculo fijo,Conductor,DE 60 A 64 AÑOS,Hombre,0
96,2021S000060,2021-02-01T17:55:00Z,CALL. CABO DE TARIFA,9,Puente de Vallecas,https://wikidata.org/entity/Q2003054,Choque contra obstáculo fijo,Conductor,DESCONOCIDA,Desconocido,0
97,2021S000060,2021-02-01T17:55:00Z,CALL. CABO DE TARIFA,9,Puente de Vallecas,https://wikidata.org/entity/Q2003054,Choque contra obstáculo fijo,Conductor,DESCONOCIDA,Desconocido,0
98,2021S000058,2021-02-01T17:15:00Z,CALL. CAPITAN BLANCO ARGIBAY / PQUE. AGUSTIN RODRIGUEZ SAHAGUN,0,Tetuán,https://wikidata.org/entity/Q1773540,Atropello a persona,Conductor,DE 60 A 64 AÑOS,Hombre,14
99,2021S000058,2021-02-01T17:15:00Z,CALL. CAPITAN BLANCO ARGIBAY / PQUE. AGUSTIN RODRIGUEZ SAHAGUN,0,Tetuán,https://wikidata.org/entity/Q1773540,Atropello a persona,Peatón,DE 10 A 14 AÑOS,Hombre,3
100,2021S000057,2021-02-01T16:40:00Z,CALL. AGUSTIN DE BETANCOURT / CALL. MARIA DE GUZMAN,0,Chamberí,https://wikidata.org/entity/Q1763370,Colisión fronto-lateral,Conductor,DE 40 A 44 AÑOS,Hombre,0
101,2021S000057,2021-02-01T16:40:00Z,CALL. AGUSTIN DE BETANCOURT / CALL. MARIA DE GUZMAN,0,Chamberí,https://wikidata.org/entity/Q1763370,Colisión fronto-lateral,Conductor,DE 50 A 54 AÑOS,Mujer,0
102,2021S000056,2021-02-01T16:15:00Z,AUTOV. M-30. +028700E,0,Fuencarral-El Pardo,https://wikidata.org/entity/Q656196,Alcance,Conductor,DE 40 A 44 AÑOS,Mujer,0
103,2021S000056,2021-02-01T16:15:00Z,AUTOV. M-30. +028700E,0,Fuencarral-El Pardo,https://wikidata.org/entity/Q656196,Alcance,Pasajero,MAYOR DE 74 AÑOS,Hombre,0
104,2021S000056,2021-02-01T16:15:00Z,AUTOV. M-30. +028700E,0,Fuencarral-El Pardo,https://wikidata.org/entity/Q656196,Alcance,Pasajero,DE 6 A 9 AÑOS,Hombre,0
105,2021S000056,2021-02-01T16:15:00Z,AUTOV. M-30. +028700E,0,Fuencarral-El Pardo,https://wikidata.org/entity/Q656196,Alcance,Conductor,DE 21 A 24 AÑOS,Hombre,0
106,2021S000056,2021-02-01T16:15:00Z,AUTOV. M-30. +028700E,0,Fuencarral-El Pardo,https://wikidata.org/entity/Q656196,Alcance,Pasajero,DE 18 A 20 AÑOS,Hombre,0
107,2021S000056,2021-02-01T16:15:00Z,AUTOV. M-30. +028700E,0,Fuencarral-El Pardo,https://wikidata.org/entity/Q656196,Alcance,Pasajero,DE 18 A 20 AÑOS,Hombre,0
108,2021S000056,2021-02-01T16:15:00Z,AUTOV. M-30. +028700E,0,Fuencarral-El Pardo,https://wikidata.org/entity/Q656196,Alcance,Pasajero,DE 18 A 20 AÑOS,Mujer,0
109,2021S000056,2021-02-01T16:15:00Z,AUTOV. M-30. +028700E,0,Fuencarral-El Pardo,https://wikidata.org/entity/Q656196,Alcance,Pasajero,DE 18 A 20 AÑOS,Hombre,0
110,2021S000055,2021-02-01T15:50:00Z,CALL. ALMAZAN,52,Latina,https://wikidata.org/entity/Q794954,Colisión frontal,Conductor,DE 30 A 34 AÑOS,Mujer,7
111,2021S000055,2021-02-01T15:50:00Z,CALL. ALMAZAN,52,Latina,https://wikidata.org/entity/Q794954,Colisión frontal,Conductor,DE 35 A 39 AÑOS,Mujer,14
112,2021S000168,2021-02-01T15:50:00Z,PASEO. ACACIAS,8,Arganzuela,https://wikidata.org/entity/Q2000929,Caída,Conductor,DE 30 A 34 AÑOS,Hombre,6
113,2021S000054,2021-02-01T15:15:00Z,CALL. ISABELITA USERA / CALL. JOSE BIELSA,0,Usera,https://wikidata.org/entity/Q953368,Choque contra obstáculo fijo,Conductor,DE 45 A 49 AÑOS,Hombre,0
114,2021S000054,2021-02-01T15:15:00Z,CALL. ISABELITA USERA / CALL. JOSE BIELSA,0,Usera,https://wikidata.org/entity/Q953368,Choque contra obstáculo fijo,Conductor,DESCONOCIDA,Desconocido,0
115,2021S000170,2021-02-01T14:30:00Z,PASEO. DELICIAS,65,Arganzuela,https://wikidata.org/entity/Q2000929,Choque contra obstáculo fijo,Conductor,DE 35 A 39 AÑOS,Mujer,14
116,2021S000170,2021-02-01T14:30:00Z,PASEO. DELICIAS,65,Arganzuela,https://wikidata.org/entity/Q2000929,Choque contra obstáculo fijo,Conductor,DESCONOCIDA,Desconocido,0
117,2021S000170,2021-02-01T14:30:00Z,PASEO. DELICIAS,65,Arganzuela,https://wikidata.org/entity/Q2000929,Choque contra obstáculo fijo,Conductor,DESCONOCIDA,Desconocido,0
118,2021S000265,2021-02-01T12:50:00Z,CALL. AÑASTRO,60,Hortaleza,https://wikidata.org/entity/Q1928529,Caída,Conductor,DE 40 A 44 AÑOS,Mujer,7
119,2021S000138,2021-02-01T12:45:00Z,AVDA. LAS AGUILAS,97,Latina,https://wikidata.org/entity/Q794954,Choque contra obstáculo fijo,Conductor,DESCONOCIDA,Desconocido,0
120,2021S000138,2021-02-01T12:45:00Z,AVDA. LAS AGUILAS,97,Latina,https://wikidata.org/entity/Q794954,Choque contra obstáculo fijo,Conductor,DESCONOCIDA,Desconocido,0
121,2021S000138,2021-02-01T12:45:00Z,AVDA. LAS AGUILAS,97,Latina,https://wikidata.org/entity/Q794954,Choque contra obstáculo fijo,Conductor,DESCONOCIDA,Desconocido,0
122,2021S000050,2021-02-01T12:32:00Z,AVDA. PESETA / CALL. PINAR DE SAN JOSE,0,Carabanchel,https://wikidata.org/entity/Q1001991,Choque contra obstáculo fijo,Conductor,DE 70 A 74 AÑOS,Hombre,1
123,2021S000050,2021-02-01T12:32:00Z,AVDA. PESETA / CALL. PINAR DE SAN JOSE,0,Carabanchel,https://wikidata.org/entity/Q1001991,Choque contra obstáculo fijo,Pasajero,DE 65 A 69 AÑOS,Mujer,7
124,2021S000051,2021-02-01T11:50:00Z,CTRA. ACCESO A LA ESTACION DE O'DONNELL / AVDA. MARCONI,0,San Blas,https://wikidata.org/entity/Q2001937,Colisión fronto-lateral,Conductor,DE 21 A 24 AÑOS,Mujer,0
125,2021S000051,2021-02-01T11:50:00Z,CTRA. ACCESO A LA ESTACION DE O'DONNELL / AVDA. MARCONI,0,San Blas,https://wikidata.org/entity/Q2001937,Colisión fronto-lateral,Conductor,DE 45 A 49 AÑOS,Hombre,0
126,2021S000051,2021-02-01T11:50:00Z,CTRA. ACCESO A LA ESTACION DE O'DONNELL / AVDA. MARCONI,0,San Blas,https://wikidata.org/entity/Q2001937,Colisión fronto-lateral,Pasajero,DE 45 A 49 AÑOS,Mujer,0
127,2021S000101,2021-02-01T11:50:00Z,CMNO. POZO DEL TIO RAIMUNDO,1,Villa de Vallecas,https://wikidata.org/entity/Q1947988,Colisión múltiple,Conductor,DE 35 A 39 AÑOS,Mujer,0
128,2021S000101,2021-02-01T11:50:00Z,CMNO. POZO DEL TIO RAIMUNDO,1,Villa de Vallecas,https://wikidata.org/entity/Q1947988,Colisión múltiple,Conductor,DE 25 A 29 AÑOS,Hombre,0
129,2021S000101,2021-02-01T11:50:00Z,CMNO. POZO DEL TIO RAIMUNDO,1,Villa de Vallecas,https://wikidata.org/entity/Q1947988,Colisión múltiple,Pasajero,DE 18 A 20 AÑOS,Mujer,0
130,2021S000101,2021-02-01T11:50:00Z,CMNO. POZO DEL TIO RAIMUNDO,1,Villa de Vallecas,https://wikidata.org/entity/Q1947988,Colisión múltiple,Conductor,DE 45 A 49 AÑOS,Hombre,0
131,2021S000099,2021-02-01T11:25:00Z,AVDA. CONCHA ESPINA / CALL. SERRANO,0,Chamartín,https://wikidata.org/entity/Q1766348,Colisión fronto-lateral,Conductor,DE 70 A 74 AÑOS,Hombre,14
132,2021S000099,2021-02-01T11:25:00Z,AVDA. CONCHA ESPINA / CALL. SERRANO,0,Chamartín,https://wikidata.org/entity/Q1766348,Colisión fronto-lateral,Conductor,MAYOR DE 74 AÑOS,Hombre,14
133,2021S000099,2021-02-01T11:25:00Z,AVDA. CONCHA ESPINA / CALL. SERRANO,0,Chamartín,https://wikidata.org/entity/Q1766348,Colisión fronto-lateral,Pasajero,MAYOR DE 74 AÑOS,Mujer,7
134,2021S000762,2021-02-01T01:25:00Z,AVDA. VICTORIA / AUTOV. A-6,0,Moncloa-Aravaca,https://wikidata.org/entity/Q2017682,Choque contra obstáculo fijo,Conductor,DE 21 A 24 AÑOS,Hombre,0
135,2021S000029,2021-02-01T00:40:00Z,CALL. GOYA / CASTELLANA,0,Salamanca,https://wikidata.org/entity/Q1773521,Colisión fronto-lateral,Conductor,DE 60 A 64 AÑOS,Hombre,0
136,2021S000029,2021-02-01T00:40:00Z,CALL. GOYA / CASTELLANA,0,Salamanca,https://wikidata.org/entity/Q1773521,Colisión fronto-lateral,Conductor,DESCONOCIDA,Desconocido,0
137,2021S000123,2021-03-01T22:35:00Z,CALL. SILVANO / CALL. JOSE RIZAL,0,Hortaleza,https://wikidata.org/entity/Q1928529,Colisión fronto-lateral,Conductor,DE 60 A 64 AÑOS,Hombre,0
138,2021S000123,2021-03-01T22:35:00Z,CALL. SILVANO / CALL. JOSE RIZAL,0,Hortaleza,https://wikidata.org/entity/Q1928529,Colisión fronto-lateral,Conductor,DE 18 A 20 AÑOS,Hombre,0
139,2021S000123,2021-03-01T22:35:00Z,CALL. SILVANO / CALL. JOSE RIZAL,0,Hortaleza,https://wikidata.org/entity/Q1928529,Colisión fronto-lateral,Pasajero,DE 18 A 20 AÑOS,Hombre,0
140,2021S000123,2021-03-01T22:35:00Z,CALL. SILVANO / CALL. JOSE RIZAL,0,Hortaleza,https://wikidata.org/entity/Q1928529,Colisión fronto-lateral,Pasajero,DE 18 A 20 AÑOS,Hombre,0
141,2021S000261,2021-03-01T22:25:00Z,AVDA. OROVILLA / CALL. UNANIMIDAD,0,Usera,https://wikidata.org/entity/Q953368,Colisión fronto-lateral,Conductor,DE 35 A 39 AÑOS,Hombre,7
142,2021S000261,2021-03-01T22:25:00Z,AVDA. OROVILLA / CALL. UNANIMIDAD,0,Usera,https://wikidata.org/entity/Q953368,Colisión fronto-lateral,Conductor,DE 30 A 34 AÑOS,Hombre,7
143,2021S000122,2021-03-01T21:50:00Z,AUTOV. M-30 / AVDA. ALBUFERA,0,Puente de Vallecas,https://wikidata.org/entity/Q2003054,Atropello a persona,Conductor,DE 21 A 24 AÑOS,Hombre,2
144,2021S000122,2021-03-01T21:50:00Z,AUTOV. M-30 / AVDA. ALBUFERA,0,Puente de Vallecas,https://wikidata.org/entity/Q2003054,Atropello a persona,Peatón,DE 60 A 64 AÑOS,Hombre,2
145,2021S000232,2021-03-01T20:48:00Z,AVDA. ANDALUCIA / AUTOV. M-40,0,Usera,https://wikidata.org/entity/Q953368,Alcance,Conductor,DE 45 A 49 AÑOS,Hombre,0
146,2021S000232,2021-03-01T20:48:00Z,AVDA. ANDALUCIA / AUTOV. M-40,0,Usera,https://wikidata.org/entity/Q953368,Alcance,Conductor,DE 35 A 39 AÑOS,Hombre,0
147,2021S000232,2021-03-01T20:48:00Z,AVDA. ANDALUCIA / AUTOV. M-40,0,Usera,https://wikidata.org/entity/Q953368,Alcance,Pasajero,DE 30 A 34 AÑOS,Mujer,0
148,2021S000232,2021-03-01T20:48:00Z,AVDA. ANDALUCIA / AUTOV. M-40,0,Usera,https://wikidata.org/entity/Q953368,Alcance,Conductor,DE 45 A 49 AÑOS,Hombre,0
149,2021S000119,2021-03-01T20:40:00Z,CUSTA. SAN VICENTE / PASEO. REY,0,Moncloa-Aravaca,https://wikidata.org/entity/Q2017682,Alcance,Conductor,DE 30 A 34 AÑOS,Hombre,0
