CALLE,CALLEWIKIDATA,TIPOCALLE
"Calle_Arroyo_de_la_Media_Legua,_Madrid",https://wikidata.org/entity/Q28935853,CICLOCALLES
Calle_de_Sierra_Toledana,,CICLOCALLES
"Calle_de_la_Fuente_Carrantona,_Madrid",https://wikidata.org/entity/Q28936137,PEATONAL
"Calle_de_la_Hacienda_de_Pavones,_Madrid",https://wikidata.org/entity/Q28936083,CICLOCALLES
Calle_de_la_Encomienda_de_Palacios,,CICLOCALLES
Calle_del_Doctor_Lozano,,CICLOCALLES
Camino_del_Pozo_del_TÝo_Raimundo,,CICLOCALLES
Camino_del_Pozo_del_TÝo_Raimundo,,CICLOCALLES
Camino_de_las_Hormigueras,,CICLOCALLES
Calle_de_Sierra_Vieja,,CICLOCALLES
Camino_de_las_Hormigueras,,CICLOCALLES
Calle_de_Sierra_Vieja,,CICLOCALLES
Calle_de_Cyesa,,CICLOCALLES
Calle_de_JosU_Luis_de_Arrese,,CICLOCALLES
Calle_del_MarquUs_de_Lozoya,,CICLOCALLES
"Calle_Arroyo_de_la_Media_Legua,_Madrid",https://wikidata.org/entity/Q28935853,CICLOCALLES
Calle_de_Sierra_Toledana,,CICLOCALLES
Calle_de_la_Virgen_de_Lluc,,CICLOCALLES
Calle_del_MarquUs_de_Lozoya,,CICLOCALLES
Calle_del_Alcalde_L¾pez_Casero,,CICLOCALLES
Calle_del_Pez_Austral,,CICLOCALLES
Calle_de_Arias_Montano,,CICLOCALLES
Calle_de_la_Estrella_Polar,,PEATONAL
"Calle_de_Juan_Esplandiu,_Madrid",https://wikidata.org/entity/Q57719867,CICLOCALLES
Avenida_de_la_Paz,,PEATONAL
Calle_de_Ricardo_Ortiz,,CICLOCALLES
Calle_de_Ricardo_Ortiz,,CICLOCALLES
Calle_de_Antonio_Toledano,,CICLOCALLES
Calle_de_Iturbe,,CICLOCALLES
Calle_de_Bocßngel,,CICLOCALLES
Parque_Fuente_del_Berro,,PEATONAL
Calle_de_Alejandro_Gonzßlez,,CICLOCALLES
Plaza_de_AmUrica_Espa±ola,,CICLOCALLES
Calle_del_MarquUs_de_MondUjar,,CICLOCALLES
Calle_de_VaquerÝas,,CICLOCALLES
"Calle_de_los_Condes_de_Torreanaz,_Madrid",https://wikidata.org/entity/Q29531116,CICLOCALLES
"Calle_de_Juan_Esplandiu,_Madrid",https://wikidata.org/entity/Q57719867,CICLOCALLES
Calle_de_Saliente,,CICLOCALLES
Carrer_de_Londres,https://wikidata.org/entity/Q18644320,CICLOCALLES
Calle_de_Alcalß,,CICLOCALLES
"Avenida_de_los_Toreros,_Madrid",https://wikidata.org/entity/Q29918658,CICLOCALLES
Calle_de_?ngel_Ganivet,,CICLOCALLES
"Avenida_de_San_Luis,_Madrid",https://wikidata.org/entity/Q54370814,CICLOCALLES
Calle_de_Yerma,,CICLOCALLES
Calle_de_Santa_MarÝa_Magdalena,,PEATONAL
Calle_de_Uruguay,,CICLOCALLES
Calle_del_Pintor_Ribera,,CICLOCALLES
Carrer_de_Huelva,https://wikidata.org/entity/Q18644239,CICLOCALLES
Calle_de_Jorge_Juan,https://wikidata.org/entity/Q28070822,CICLOCALLES
Calle_de_Santa_Rafaela_MarÝa_del_Sagrado_Coraz¾n,,CICLOCALLES
Calle_de_Ferrer_del_RÝo,,CICLOCALLES
"Calle_de_Cartagena,_Madrid",https://wikidata.org/entity/Q27038851,CICLOCALLES
avenida_de_Bruselas,https://wikidata.org/entity/Q62087510,CICLOCALLES
Calle_de_LombÝa,,CICLOCALLES
"Calle_de_Maiquez,_Madrid",https://wikidata.org/entity/Q28936774,CICLOCALLES
calle_de_Montesa,https://wikidata.org/entity/Q28070795,CICLOCALLES
Calle_del_Alcalde_Sßinz_de_Baranda,,CICLOCALLES
Calle_del_Alcalde_Sßinz_de_Baranda,,CICLOCALLES
Calle_de_Luis_Mitjans,,CICLOCALLES
"Calle_de_Valderribas,_Madrid",https://wikidata.org/entity/Q29051503,CICLOCALLES
Calle_de_Fromista,,CICLOCALLES
Retama_Street,https://wikidata.org/entity/Q28983516,CICLOCALLES
Calle_de_Don_Ram¾n_de_la_Cruz,,CICLOCALLES
street_of_Nicasio_Gallego,https://wikidata.org/entity/Q28537739,CICLOCALLES
Calle_de_Zurbarßn,,CICLOCALLES
"Calle_de_Padilla,_Madrid",https://wikidata.org/entity/Q28056135,CICLOCALLES
"Calle_de_Luis_Cabrera,_Madrid",https://wikidata.org/entity/Q28943623,CICLOCALLES
Avenida_de_Aster,,CICLOCALLES
Paseo_de_los_Cerezos,,CICLOCALLES
Calle_del_Padre_Claret,,CICLOCALLES
Calle_de_la_Drßcena,,CICLOCALLES
Avenida_de_la_Paz,,PEATONAL
Calle_de_la_Lagartera,,CICLOCALLES
Calle_de_La_Mancha,,CICLOCALLES
Calle_de_Santa_Rafaela_MarÝa_del_Sagrado_Coraz¾n,,CICLOCALLES
Calle_del_Vizconde_de_Arless¾n,,CICLOCALLES
Calle_de_la_Lagartera,,CICLOCALLES
Calle_del_Conde_RodrÝguez_San_Pedro_Mejorana,,CICLOCALLES
"Avenida_del_Monte_Igueldo,_Madrid",https://wikidata.org/entity/Q29535349,CICLOCALLES
Calle_de_la_Isla_de_Jamaica,,CICLOCALLES
Calle_del_Preventorio,,CICLOCALLES
Calle_de_Monasterio_de_Las_Huelgas,,CICLOCALLES
"Calle_de_Trafalgar,_Madrid",https://wikidata.org/entity/Q28024216,CICLOCALLES
calle_de_Blasco_de_Garay,https://wikidata.org/entity/Q26831099,CICLOCALLES
Calle_de_los_Mßrtires_de_Alcalß,,CICLOCALLES
Plaza_de_Carlos_MarÝa_de_Castro,,CICLOCALLES
Calle_de_Castell¾,,CICLOCALLES
Calle_de_N·±ez_de_Balboa,,CICLOCALLES
Parque_Cu±a_Verde_de_Latina,,CICLOCALLES
Calle_del_Profesor_JosU_GarcÝa_Santesmases,,CICLOCALLES
calle_de_Zurbano,https://wikidata.org/entity/Q27043742,CICLOCALLES
Calle_de_Fernßndez_de_la_Hoz,,CICLOCALLES
Paseo_de_los_Olivos,,CICLOCALLES
"Calle_de_Eugenia_de_Montijo,_Madrid",https://wikidata.org/entity/Q52833570,CICLOCALLES
Calle_de_Cebreros,,CICLOCALLES
Parque_Cu±a_Verde_de_Latina,,CICLOCALLES
Calle_del_Arroyo_de_las_Pavas,,CICLOCALLES
Calle_del_El_Toboso,,CICLOCALLES
Calle_Principal_de_Provincias,,CICLOCALLES
Calle_de_JoaquÝn_Lorenzo,,CICLOCALLES
Calle_del_General_?lvarez_de_Castro,,CICLOCALLES
"Calle_de_Trafalgar,_Madrid",https://wikidata.org/entity/Q28024216,CICLOCALLES
Calle_de_los_Estudiantes,,CICLOCALLES
Calle_de_AndrUs_Mellado,,CICLOCALLES
Avenida_de_SUneca,,CICLOCALLES
Calle_de_la_Senda_del_Rey,,CICLOCALLES
Calle_del_Arzobispo_Morcillo,,CICLOCALLES
Calle_de_Balsaminas,,CICLOCALLES
"Calle_del_Conde_de_Vallellano,_Madrid",https://wikidata.org/entity/Q27037913,CICLOCALLES
Gonzalo_Sandino_Street,https://wikidata.org/entity/Q30343497,CICLOCALLES
Calle_de_Vi±egra,,PEATONAL
Calle_de_Muntadas,,CICLOCALLES
Calle_de_Cebreros,,CICLOCALLES
calle_de_Blas_Cabrera,https://wikidata.org/entity/Q29405139,CICLOCALLES
Calle_de_JosU_de_Cadalso,,CICLOCALLES
"Calle_de_Rafael_Finat,_Madrid",https://wikidata.org/entity/Q29648073,CICLOCALLES
Calle_de_JosU_de_Cadalso,,CICLOCALLES
"Calle_de_Rafael_Finat,_Madrid",https://wikidata.org/entity/Q29648073,CICLOCALLES
Calle_de_la_Duquesa_de_Parcent,,PEATONAL
Paseo_de_Mu±oz_Grandes,,CICLOCALLES
Calle_de_Camarena,,CICLOCALLES
calle_de_Blas_Cabrera,https://wikidata.org/entity/Q29405139,CICLOCALLES
Calle_de_Camarena,,CICLOCALLES
Calle_de_la_Vidauba,,PEATONAL
Calle_de_la_Vidauba,,PEATONAL
Calle_de_Mascaraque,,CICLOCALLES
Calle_de_Consuelo_Guzmßn,,CICLOCALLES
avenida_de_los_Poblados,https://wikidata.org/entity/Q26795575,PEATONAL
Calle_de_Tembleque,,PEATONAL
Calle_de_Tembleque,,CICLOCALLES
avenida_de_los_Poblados,https://wikidata.org/entity/Q26795575,PEATONAL
Calle_de_Tembleque,,PEATONAL
Avenida_del_Padre_Piquer,,CICLOCALLES
Calle_de_la_VÝa,,CICLOCALLES
Calle_de_Nicolßs_Morales,,CICLOCALLES
Calle_de_la_T¾rtola,,CICLOCALLES
Calle_de_Matilde_Hernßndez,,CICLOCALLES
Calle_de_la_Gaviota,,CICLOCALLES
Calle_de_Zaida,,CICLOCALLES
Calle_de_Carlos_Dabßn,,CICLOCALLES
Calle_de_Carlos_Dabßn,,CICLOCALLES
Calle_del_Arroyo_Valdecelada,,CICLOCALLES
Calle_de_Carlos_Dabßn,,CICLOCALLES
Calle_de_Zaida,,CICLOCALLES
Calle_de_Portalegre,,CICLOCALLES
Calle_de_Portalegre,,CICLOCALLES
Calle_del_Comandante_Fontanes,,CICLOCALLES
Calle_de_Sallaberry,,CICLOCALLES
Calle_de_San_Pompeyo,,PEATONAL
Plaza_de_Fernßndez_Ladreda,,PEATONAL
Manzanares,,PEATONAL
Calle_de_la_Inmaculada_Concepci¾n,,CICLOCALLES
Calle_de_Manuel_Noya,,CICLOCALLES
Calle_de_Tomßs_Meabe,,CICLOCALLES
Calle_de_Salasierra,,CICLOCALLES
calle_de_Antonio_de_Leyva,https://wikidata.org/entity/Q42240205,CICLOCALLES
Calle_de_Baleares,,CICLOCALLES
Calle_de_Manuel_Noya,,CICLOCALLES
Calle_de_Sorbe,,CICLOCALLES
calle_de_Antonio_de_Leyva,https://wikidata.org/entity/Q42240205,CICLOCALLES
Glorieta_del_MarquUs_de_Vadillo,,PEATONAL
Calle_de_Julißn_Gonzßlez,,CICLOCALLES
"Calle_del_General_Ricardos,_Madrid",https://wikidata.org/entity/Q5740542,CICLOCALLES
"Calle_del_General_Ricardos,_Madrid",https://wikidata.org/entity/Q5740542,PEATONAL
Manzanares,,PEATONAL
avenida_de_la_Emperatriz_Isabel,https://wikidata.org/entity/Q42240685,CICLOCALLES
paseo_del_Quince_de_Mayo,https://wikidata.org/entity/Q42089530,CICLOCALLES
Paseo_de_San_Illßn,,PEATONAL
Calle_de_San_Marcos,,CICLOCALLES
Calle_de_la_Princesa,,PEATONAL
Avenida_de_Portugal,https://wikidata.org/entity/Q26736141,CICLOCALLES
Calle_de_Saavedra_Fajardo,,CICLOCALLES
Plaza_de_Santo_Domingo,,CICLOCALLES
calle_de_Jacometrezo,https://wikidata.org/entity/Q5651414,CICLOCALLES
Calle_de_Isabel_la_Cat¾lica,,CICLOCALLES
calle_de_Fuencarral,https://wikidata.org/entity/Q5740840,CICLOCALLES
Calle_del_RÝo,,CICLOCALLES
Calle_de_la_Bola,https://wikidata.org/entity/Q28033661,CICLOCALLES
Calle_de_Juan_del_Risco,,CICLOCALLES
Calle_de_la_Bola,https://wikidata.org/entity/Q28033661,PEATONAL
Plaza_de_Santo_Domingo,,CICLOCALLES
"Calle_de_Guillermo_Rolland,_Madrid",https://wikidata.org/entity/Q30789780,CICLOCALLES
Calle_del_Reloj,https://wikidata.org/entity/Q20908840,CICLOCALLES
Calle_del_MarquUs_de_Cubas,,CICLOCALLES
Calle_de_Santa_Isabel,,CICLOCALLES
calle_de_Argumosa,https://wikidata.org/entity/Q5740806,CICLOCALLES
"Calle_del_Doctor_Fourquet,_Madrid",https://wikidata.org/entity/Q27048305,CICLOCALLES
Calle_de_Fray_Luis_de_Le¾n,,CICLOCALLES
Calle_de_Valencia,,CICLOCALLES
Calle_de_VÝctor_de_la_Serna,,CICLOCALLES
Calle_de_Oruro,,CICLOCALLES
Calle_del_PrÝncipe_de_Vergara,,PEATONAL
Calle_de_Anastasia_L¾pez,,CICLOCALLES
Sinesio_Delgado_Street,https://wikidata.org/entity/Q52245452,CICLOCALLES
Calle_del_Arzobispo_Morcillo,,CICLOCALLES
Calle_de_Mauricio_Legendre,,PEATONAL
Calle_de_la_Isla_de_Chipre,,PEATONAL
Calle_de_Mauricio_Legendre,,PEATONAL
Calle_de_Mauricio_Legendre,,CICLOCALLES
Calle_de_Labastida,,CICLOCALLES
Calle_de_la_Divina_Pastora,,CICLOCALLES
Calle_de_Daniel_Vßzquez_DÝaz,,CICLOCALLES
"Avenida_de_Monforte_de_Lemos,_Madrid",https://wikidata.org/entity/Q52683954,CICLOCALLES
Calle_de_Manuel_Tovar,,CICLOCALLES
Calle_de_las_Islas_VÝrgenes,,CICLOCALLES
Calle_de_Francisco_Sancha,,CICLOCALLES
Calle_de_Luis_Esteban,,CICLOCALLES
Calle_VÝa_LÝmite,,CICLOCALLES
Calle_de_Emilia,,CICLOCALLES
Calle_de_San_Benito,,CICLOCALLES
Paseo_de_la_Castellana,https://wikidata.org/entity/Q1473674,CICLOCALLES
"Calle_del_Arroyo_del_Olivar,_Madrid",https://wikidata.org/entity/Q29561517,CICLOCALLES
calle_de_San_Aquilino,https://wikidata.org/entity/Q107095703,CICLOCALLES
Calle_de_San_Benito,,CICLOCALLES
Calle_de_San_Benito,,CICLOCALLES
"Calle_de_las_Magnolias,_Madrid",https://wikidata.org/entity/Q56122018,CICLOCALLES
Paseo_de_la_Castellana,https://wikidata.org/entity/Q1473674,PEATONAL
Calle_del_Arzobispo_Morcillo,,PEATONAL
Calle_de_Pe±a_Santa,,CICLOCALLES
Calle_del_Arzobispo_Morcillo,,PEATONAL
"Calle_de_Pedro_Rico,_Madrid",https://wikidata.org/entity/Q56427389,CICLOCALLES
Calle_de_Sebastißn_Elcano,,CICLOCALLES
Calle_de_Sebastißn_Elcano,,PEATONAL
Calle_de_Alonso_del_Barco,,CICLOCALLES
Ronda_de_Valencia,https://wikidata.org/entity/Q16626200,PEATONAL
Plaza_del_?ngel,,PEATONAL
"Calle_de_la_Huerta_del_Bayo,_Madrid",https://wikidata.org/entity/Q42908465,PEATONAL
Calle_del_Le¾n,,CICLOCALLES
Calle_de_San_AgustÝn,,CICLOCALLES
Costanilla_de_las_Trinitarias,,CICLOCALLES
calle_del_Arenal,https://wikidata.org/entity/Q5740980,PEATONAL
Plaza_de_Isabel_II,,PEATONAL
"Calle_de_Vergara,_Madrid",https://wikidata.org/entity/Q29004234,PEATONAL
Plaza_de_la_Puerta_del_Sol,,PEATONAL
Plaza_de_la_Puerta_del_Sol,,PEATONAL
Plaza_de_la_Puerta_del_Sol,,PEATONAL
Costanilla_de_los_Desamparados,https://wikidata.org/entity/Q18419123,CICLOCALLES
Calle_de_Atocha,https://wikidata.org/entity/Q5492657,PEATONAL
Plaza_de_las_Cortes,,PEATONAL
Calle_de_Santa_Isabel,,PEATONAL
Calle_de_Santa_Isabel,,PEATONAL
Felipe_IV_Road,https://wikidata.org/entity/Q28004581,CICLOCALLES
"Calle_del_Duque_de_Medinaceli,_Madrid",https://wikidata.org/entity/Q26830977,CICLOCALLES
calle_de_Fucar,https://wikidata.org/entity/Q20908825,CICLOCALLES
Calle_de_Jes·s,,CICLOCALLES
Calle_de_Atocha,https://wikidata.org/entity/Q5492657,PEATONAL
Calle_del_Prado,https://wikidata.org/entity/Q16389845,CICLOCALLES
Paseo_del_Prado,,PEATONAL
Calle_de_Barcel¾,,CICLOCALLES
"Calle_de_las_Infantas,_Madrid",https://wikidata.org/entity/Q21004010,CICLOCALLES
Calle_del_Topete,,CICLOCALLES
Calle_de_Abel,,CICLOCALLES
avenida_de_Pablo_Iglesias,https://wikidata.org/entity/Q28045035,CICLOCALLES
Calle_de_Aranjuez,,CICLOCALLES
Avenida_del_Doctor_Federico_Rubio_y_GalÝ,,CICLOCALLES
avenida_de_Pablo_Iglesias,https://wikidata.org/entity/Q28045035,CICLOCALLES
Calle_del_Seminario_de_Nobles,,CICLOCALLES
Calle_de_Antonia_DomÝnguez,,CICLOCALLES
"Calle_de_Gabriel_Lobo,_Madrid",https://wikidata.org/entity/Q33082819,CICLOCALLES
Calle_de_San_Juan_de_la_Salle,,CICLOCALLES
"Calle_de_Ponzano,_Madrid",https://wikidata.org/entity/Q26737707,CICLOCALLES
"Calle_de_Carlos_Maurras,_Madrid",https://wikidata.org/entity/Q26960303,CICLOCALLES
Calle_de_Carbonero_y_Sol,,CICLOCALLES
Calle_de_G¾mez_Ortega,,CICLOCALLES
avenida_de_Concha_Espina,https://wikidata.org/entity/Q27137943,PEATONAL
"Calle_de_Francisco_Gervas,_Madrid",https://wikidata.org/entity/Q55956437,CICLOCALLES
"Calle_de_Rosario_Pino,_Madrid",https://wikidata.org/entity/Q29055028,CICLOCALLES
Calle_del_Capitßn_Haya,,CICLOCALLES
Calle_de_JosU_Castßn_Tobe±as,,CICLOCALLES
Paseo_de_la_Castellana,https://wikidata.org/entity/Q1473674,PEATONAL
"Calle_de_Carlos_Maurras,_Madrid",https://wikidata.org/entity/Q26960303,CICLOCALLES
Calle_del_Capitßn_Haya,,PEATONAL
Calle_de_L¾pez_de_Hoyos,,CICLOCALLES
Calle_del_Helecho,,CICLOCALLES
Calle_de_Hermenegilda_MartÝnez,,CICLOCALLES
Calle_de_L¾riga,,CICLOCALLES
Calle_de_Recaredo,,CICLOCALLES
Calle_de_L¾pez_de_Hoyos,,CICLOCALLES
Calle_de_L¾pez_de_Hoyos,,CICLOCALLES
calle_de_Edison,https://wikidata.org/entity/Q28860511,CICLOCALLES
calle_de_Edison,https://wikidata.org/entity/Q28860511,CICLOCALLES
"Avenida_del_Doctor_Arce,_Madrid",https://wikidata.org/entity/Q29199638,CICLOCALLES
"Calle_de_Cartagena,_Madrid",https://wikidata.org/entity/Q27038851,CICLOCALLES
Calle_de_L¾pez_de_Hoyos,,CICLOCALLES
Calle_de_BUjar,,CICLOCALLES
avenida_de_Bruselas,https://wikidata.org/entity/Q62087510,CICLOCALLES
"Calle_de_Luis_Vives,_Madrid",https://wikidata.org/entity/Q29212673,CICLOCALLES
Calle_de_Malcampo,,CICLOCALLES
"Avenida_de_Alfonso_XIII,_Madrid",https://wikidata.org/entity/Q29397736,CICLOCALLES
"Calle_de_Marcenado,_Madrid",https://wikidata.org/entity/Q30465193,CICLOCALLES
Calle_de_Puerto_Rico,,CICLOCALLES
Calle_de_Ros_de_Olano,,CICLOCALLES
Calle_del_Padre_Claret,,CICLOCALLES
Calle_del_PrÝncipe_de_Vergara,,PEATONAL
"Calle_de_Cartagena,_Madrid",https://wikidata.org/entity/Q27038851,CICLOCALLES
Avenida_de_Aster,,CICLOCALLES
Paseo_de_los_Cerezos,,CICLOCALLES
Calle_de_VÝctor_AndrUs_Bela·nde,,CICLOCALLES
Calle_de_MenUndez_Pidal,,CICLOCALLES
Calle_de_Colombia,,CICLOCALLES
Calle_de_PotosÝ,,CICLOCALLES
"Avenida_del_Doctor_Arce,_Madrid",https://wikidata.org/entity/Q29199638,CICLOCALLES
Calle_de_RodrÝguez_MarÝn,,CICLOCALLES
Calle_de_VÝctor_AndrUs_Bela·nde,,CICLOCALLES
"Paseo_de_La_Habana,_Madrid",https://wikidata.org/entity/Q28059068,PEATONAL
avenida_de_Alberto_Alcocer,https://wikidata.org/entity/Q26833742,PEATONAL
Calle_de_Marbella,,CICLOCALLES
Calle_de_Anastasia_L¾pez,,CICLOCALLES
Calle_de_Antoniorrobles,,CICLOCALLES
Calle_de_Alfredo_Marquerie,,CICLOCALLES
Calle_de_Sangenjo,,CICLOCALLES
Calle_de_NarcÝs_Monturiol,,CICLOCALLES
Calle_del_Doctor_Ram¾n_Castroviejo,,CICLOCALLES
Paseo_de_la_Vaguada,,CICLOCALLES
"Calle_de_Pedro_Rico,_Madrid",https://wikidata.org/entity/Q56427389,CICLOCALLES
Calle_de_Colmenar_Viejo,,PEATONAL
AutovÝa_del_Colmenar,,PEATONAL
Calle_de_Francisco_Sancha,,CICLOCALLES
Calle_de_Sandalio_L¾pez,,CICLOCALLES
Calle_de_la_Virgen_de_Arßnzazu,,CICLOCALLES
Calle_de_la_Virgen_de_Arßnzazu,,PEATONAL
Calle_de_Manuel_Tovar,,CICLOCALLES
Calle_de_Bolta±a,,CICLOCALLES
Calle_de_JosU_Arcones_Gil,,CICLOCALLES
Calle_de_Vital_Aza,,CICLOCALLES
Calle_de_Florencio_Llorente,,CICLOCALLES
Calle_de_Sambara,,CICLOCALLES
Calle_de_Alcalß,,CICLOCALLES
Calle_de_Julia_GarcÝa_Boutßn,,CICLOCALLES
Calle_de_Aquitania,,CICLOCALLES
"Calle_de_Suecia,_Madrid",https://wikidata.org/entity/Q28972048,CICLOCALLES
Calle_de_Julia_GarcÝa_Boutßn,,CICLOCALLES
Calle_de_la_Epifania,,CICLOCALLES
Calle_de_Santa_Leonor,,CICLOCALLES
Calle_de_Alfonso_G¾mez,,CICLOCALLES
Calle_de_Campeche,,CICLOCALLES
Calle_del_Canal_del_B¾sforo,,CICLOCALLES
Calle_de_Julißn_Camarillo,,CICLOCALLES
Calle_de_Achuri,,CICLOCALLES
Calle_de_Ezequiel_Solana,,CICLOCALLES
Calle_de_Francisco_Rioja,,CICLOCALLES
Calle_de_GuillUn_de_Castro,,CICLOCALLES
Calle_de_Braulio_GutiUrrez,,CICLOCALLES
Calle_de_Emilio_Mu±oz,,CICLOCALLES
Calle_de_Luis_Ruiz,,CICLOCALLES
Avenida_de_Pe±a_Prieta,,CICLOCALLES
Calle_de_AgustÝn_de_Betancourt,,CICLOCALLES
Monasterio_de_Leyre_Street,https://wikidata.org/entity/Q28994571,CICLOCALLES
Calle_del_Ca±averal,,CICLOCALLES
Calle_de_O±ate,,CICLOCALLES
Calle_del_Conde_del_Serrallo,,CICLOCALLES
calle_de_San_Aquilino,https://wikidata.org/entity/Q107095703,CICLOCALLES
calle_de_San_Aquilino,https://wikidata.org/entity/Q107095703,CICLOCALLES
Calle_de_Luis_Esteban,,CICLOCALLES
"Calle_de_las_Magnolias,_Madrid",https://wikidata.org/entity/Q56122018,CICLOCALLES
Calle_VÝa_LÝmite,,CICLOCALLES
Avenida_de_Asturias,https://wikidata.org/entity/Q30300905,CICLOCALLES
Calle_del_Padre_Francisco_Palau_y_Quer,,CICLOCALLES
"Calle_de_Santa_Hortensia,_Madrid",https://wikidata.org/entity/Q28943619,CICLOCALLES
Calle_de_Torrelaguna,,CICLOCALLES
Calle_de_Albelda,,CICLOCALLES
Plaza_de_Valvanera,,CICLOCALLES
Calle_del_Castillo_de_Simancas,,CICLOCALLES
Calle_de_ZaldÝvar,,CICLOCALLES
Calle_de_ZaldÝvar,,CICLOCALLES
Calle_del_Castillo_de_Simancas,,CICLOCALLES
Calle_de_Cartago,,CICLOCALLES
Calle_de_Nuestra_Se±ora_de_la_Blanca,,CICLOCALLES
Calle_de_Nuestra_Se±ora_de_la_Blanca,,CICLOCALLES
Calle_de_San_Narciso,,CICLOCALLES
Calle_de_San_Faustino,,CICLOCALLES
Calle_de_JosU_del_Hierro,,CICLOCALLES
Calle_del_Lago_Salado,,CICLOCALLES
"Calle_de_Juan_de_Urbieta,_Madrid",https://wikidata.org/entity/Q29051496,CICLOCALLES
Calle_de_Antonio_Bienvenida,,CICLOCALLES
"Calle_de_Juan_de_Urbieta,_Madrid",https://wikidata.org/entity/Q29051496,CICLOCALLES
Calle_de_Titulcia,,CICLOCALLES
Calle_de_Antonio_DÝaz-Ca±abate,,CICLOCALLES
Calle_de_?ngel_Ganivet,,CICLOCALLES
Calle_de_Saliente,,CICLOCALLES
Calle_de_Antonio_Casero,,CICLOCALLES
Calle_de_Antonio_Casero,,CICLOCALLES
Calle_de_Arias_Montano,,PEATONAL
Calle_de_la_Estrella_Polar,,CICLOCALLES
Paseo_del_MarquUs_de_Zafra,,PEATONAL
Calle_del_Doctor_G¾mez_Ulla,,CICLOCALLES
Calle_de_Roma,,CICLOCALLES
Calle_de_Ricardo_Sep·lveda,,CICLOCALLES
Calle_de_Ledesma,,CICLOCALLES
Calle_de_Carolina_Coronado,,CICLOCALLES
Paseo_de_Federico_GarcÝa_Lorca,,CICLOCALLES
"Calle_de_la_Fuente_Carrantona,_Madrid",https://wikidata.org/entity/Q28936137,PEATONAL
"Calle_de_la_Hacienda_de_Pavones,_Madrid",https://wikidata.org/entity/Q28936083,CICLOCALLES
Avenida_de_Santa_Eugenia,,CICLOCALLES
Avenida_de_Santa_Eugenia,,CICLOCALLES
"Avenida_de_Arcentales,_Madrid",https://wikidata.org/entity/Q56155322,PEATONAL
"Avenida_de_Arcentales,_Madrid",https://wikidata.org/entity/Q56155322,PEATONAL
Calle_de_Malmoe,,CICLOCALLES
Calle_de_Capri,,CICLOCALLES
Calle_de_San_Romßn_del_Valle,,CICLOCALLES
Calle_de_Malmoe,,CICLOCALLES
Calle_de_Fobos,,CICLOCALLES
Calle_de_Ober¾n,,CICLOCALLES
Calle_de_Fobos,,CICLOCALLES
Calle_de_Ober¾n,,CICLOCALLES
Calle_de_Molina_de_Segura,,PEATONAL
Calle_de_Luis_de_Hoyos_Sßinz,,CICLOCALLES
Calle_de_Luis_de_Hoyos_Sßinz,,CICLOCALLES
Calle_de_JosU_BergamÝn,,PEATONAL
Calle_de_JosU_BergamÝn,,PEATONAL
Calle_de_Malmoe,,PEATONAL
Calle_de_Malmoe,,PEATONAL
Calle_de_Luis_Ruiz,,CICLOCALLES
Calle_de_Villaescusa,,CICLOCALLES
Calle_de_Betancunia,,CICLOCALLES
"Avenida_de_Daroca,_Madrid",https://wikidata.org/entity/Q62107216,PEATONAL
Calle_del_Fresno,,PEATONAL
Calle_de_Gandhi,,PEATONAL
Calle_de_Gandhi,,CICLOCALLES
Calle_de_Luis_del_Campo,,CICLOCALLES
Calle_de_Luis_Ruiz,,CICLOCALLES
Calle_del_RÝo_Nervi¾n,,CICLOCALLES
Calle_de_Gandhi,,CICLOCALLES
Calle_de_Esteban_Collantes,,CICLOCALLES
Calle_de_Esteban_Collantes,,PEATONAL
Calle_de_los_Hermanos_GarcÝa_Noblejas,,PEATONAL
Calle_de_Yecla,,CICLOCALLES
Calle_de_Zabalza,,CICLOCALLES
Calle_de_Valdecanillas,,CICLOCALLES
Calle_de_Emilio_Mu±oz,,CICLOCALLES
Calle_de_Arcos_de_Jal¾n,,CICLOCALLES
Calle_de_Arcos_de_Jal¾n,,CICLOCALLES
Calle_de_Amposta,,CICLOCALLES
Calle_de_Amposta,,CICLOCALLES
Calle_de_la_Rep·blica_Eslovaca,,CICLOCALLES
Calle_de_los_Aparejadores,,CICLOCALLES
Calle_de_Julio_Chellini,,CICLOCALLES
"Avenida_de_Arcentales,_Madrid",https://wikidata.org/entity/Q56155322,PEATONAL
Avenida_de_Canillejas_a_Vicßlvaro,,PEATONAL
Calle_de_la_MamposterÝa,,CICLOCALLES
Avenida_de_Canillejas_a_Vicßlvaro,,CICLOCALLES
"Avenida_de_Guadalajara,_Madrid",https://wikidata.org/entity/Q52063521,CICLOCALLES
"Avenida_de_Niza,_Madrid",https://wikidata.org/entity/Q28972102,CICLOCALLES
Calle_de_Moreruela,,CICLOCALLES
Avenida_de_los_Madro±os,,CICLOCALLES
Avenida_del_Papa_Negro,,CICLOCALLES
Avenida_de_Corendelet,,CICLOCALLES
Avenida_de_Corendelet,,CICLOCALLES
Avenida_de_los_Madro±os,,CICLOCALLES
Avenida_del_Papa_Negro,,CICLOCALLES
Calle_de_RamÝrez_de_Arellano,,CICLOCALLES
Calle_de_Torrecilla_del_Puerto,,CICLOCALLES
Avenida_de_la_Gran_VÝa_de_Hortaleza,,PEATONAL
calle_de_Arturo_Soria,https://wikidata.org/entity/Q8255504,CICLOCALLES
calle_de_Arturo_Soria,https://wikidata.org/entity/Q8255504,CICLOCALLES
Calle_de_AlbarracÝn,,CICLOCALLES
Calle_del_General_Aranaz,,CICLOCALLES
Calle_de_la_Marquesa_de_Torrecilla,,CICLOCALLES
Calle_de_Protasio_G¾mez,,CICLOCALLES
Calle_de_El_Algabe±o,,CICLOCALLES
"Calle_de_Santa_Hortensia,_Madrid",https://wikidata.org/entity/Q28943619,CICLOCALLES
Calle_de_ValdovÝn,,PEATONAL
Calle_de_Dolores,,CICLOCALLES
Calle_del_Padre_Claret,,CICLOCALLES
Calle_de_Gustavo_Fernßndez_Balbuena,,CICLOCALLES
Calle_de_Sßnchez_Pacheco,,CICLOCALLES
Avenida_de_la_Paz,,PEATONAL
Calle_de_MartÝnez_Izquierdo,,PEATONAL
Calle_de_Rafael_BergamÝn,,CICLOCALLES
Calle_de_RamÝrez_de_Arellano,,CICLOCALLES
Calle_de_Rafael_BergamÝn,,CICLOCALLES
Calle_de_RamÝrez_de_Arellano,,CICLOCALLES
Manzanares,,PEATONAL
Manzanares,,PEATONAL
Manzanares,,PEATONAL
Calle_de_Manuel_Uribe,,CICLOCALLES
Calle_del_Pintor_Ribera,,CICLOCALLES
Calle_del_Pintor_Ribera,,PEATONAL
Calle_de_Federico_Salm¾n,,CICLOCALLES
Calle_de_la_Drßcena,,CICLOCALLES
Calle_de_Santa_MarÝa_Magdalena,,CICLOCALLES
Calle_del_General_Aranaz,,CICLOCALLES
Calle_de_Fernßndez_Caro,,CICLOCALLES
Calle_de_los_Misterios,,CICLOCALLES
Calle_del_General_Aranaz,,PEATONAL
Calle_de_Florencio_GarcÝa,,CICLOCALLES
Calle_de_Boldano,,CICLOCALLES
Calle_de_Alcalß,,PEATONAL
Calle_de_?ngel_Larra,,CICLOCALLES
Calle_de_Vßzquez_de_Mella,,CICLOCALLES
Calle_de_la_Virgen_de_Lluc,,CICLOCALLES
Calle_del_General_Aranaz,,PEATONAL
Calle_de_Fernßndez_Caro,,CICLOCALLES
Calle_de_Fernßndez_Caro,,PEATONAL
Calle_de_Fernßndez_Caro,,CICLOCALLES
Calle_de_Fernßndez_Caro,,CICLOCALLES
Calle_del_Estrecho_de_Corea,,CICLOCALLES
Calle_de_Fernßndez_Caro,,CICLOCALLES
Calle_del_Carril_del_Conde,,CICLOCALLES
Calle_de_Puerto_de_Santa_MarÝa,,CICLOCALLES
Calle_de_Calanda,,CICLOCALLES
Calle_de_Canillas,,CICLOCALLES
calle_de_Montalbos,https://wikidata.org/entity/Q28973472,CICLOCALLES
Calle_de_Puerto_de_Santa_MarÝa,,PEATONAL
Calle_de_Melisa,,CICLOCALLES
Calle_de_Nuestra_Se±ora_de_la_Luz,,CICLOCALLES
Calle_de_Ricardo_San_Juan,,CICLOCALLES
Calle_de_Ricardo_San_Juan,,CICLOCALLES
Calle_de_Utrillas,,CICLOCALLES
Avenida_de_la_Virgen_del_Carmen,,CICLOCALLES
Carretera_de_Acceso_a_la_Estaci¾n_de_Hortaleza,,CICLOCALLES
Carretera_de_Acceso_a_la_Estaci¾n_de_Hortaleza,,CICLOCALLES
"Avenida_de_San_Luis,_Madrid",https://wikidata.org/entity/Q54370814,PEATONAL
Calle_de_Toscana,,CICLOCALLES
Calle_de_Toscana,,CICLOCALLES
Calle_de_A±astro,,CICLOCALLES
Carretera_de_Acceso_a_la_Estaci¾n_de_Hortaleza,,CICLOCALLES
Calle_de_A±astro,,CICLOCALLES
Calle_de_A±astro,,CICLOCALLES
Avenida_de_la_Gran_VÝa_de_Hortaleza,,CICLOCALLES
Avenida_de_la_Gran_VÝa_de_Hortaleza,,CICLOCALLES
"Avenida_de_San_Luis,_Madrid",https://wikidata.org/entity/Q54370814,PEATONAL
Carretera_de_Acceso_a_la_Estaci¾n_de_Hortaleza,,CICLOCALLES
Carretera_de_Acceso_a_la_Estaci¾n_de_Hortaleza,,CICLOCALLES
Calle_del_Mar_de_las_Antillas,,CICLOCALLES
Avenida_de_la_Virgen_del_Carmen,,CICLOCALLES
Calle_de_Sim¾n_BolÝvar,,CICLOCALLES
Carretera_de_Acceso_a_la_Estaci¾n_de_Hortaleza,,PEATONAL
Calle_del_Mar_de_Aral,,CICLOCALLES
Calle_de_Calasparra,,CICLOCALLES
Parque_Pinar_de_Barajas,,PEATONAL
"Avenida_de_Guadalajara,_Madrid",https://wikidata.org/entity/Q52063521,PEATONAL
Avenida_del_Arroyo_del_Santo,,CICLOCALLES
Avenida_del_Arroyo_del_Santo,,CICLOCALLES
calle_de_Albasanz,https://wikidata.org/entity/Q28977907,CICLOCALLES
Calle_del_Vizconde_de_Uzqueta,,CICLOCALLES
Calle_de_Iquitos,,CICLOCALLES
Calle_de_AlegrÝa_de_Oria,,CICLOCALLES
Calle_de_ArUvalo_Lara,,CICLOCALLES
Calle_de_Benamargosa,,CICLOCALLES
Calle_de_Santa_Leonor,,CICLOCALLES
Calle_de_Riobamba,,CICLOCALLES
Calle_de_Alcalß,,PEATONAL
Calle_de_Juan_Ignacio_Luca_de_Tena,,PEATONAL
Calle_de_Dionisio_Inca_Yupanqui,,CICLOCALLES
Avenida_de_Machu_Picchu,,PEATONAL
Avenida_de_Machu_Picchu,,PEATONAL
Avenida_de_Machu_Picchu,,CICLOCALLES
Avenida_de_Machu_Picchu,,CICLOCALLES
Avenida_de_Machu_Picchu,,PEATONAL
Calle_de_Diana,,CICLOCALLES
Calle_de_Nicolasa_G¾mez,,CICLOCALLES
Calle_de_Nicolasa_G¾mez,,CICLOCALLES
Calle_de_Inocenta_de_Mesa,,CICLOCALLES
Calle_del_NUctar,,CICLOCALLES
"Avenida_de_Guadalajara,_Madrid",https://wikidata.org/entity/Q52063521,PEATONAL
Calle_de_la_Esfinge,,CICLOCALLES
Calle_de_la_Esfinge,,CICLOCALLES
Calle_de_San_Venancio,,CICLOCALLES
Plaza_de_Mora_de_Rubielos,,PEATONAL
Calle_de_Barbastro,,CICLOCALLES
Calle_de_la_Esfinge,,CICLOCALLES
Calle_de_Fraga,,CICLOCALLES
Calle_de_la_Raza,,CICLOCALLES
Plaza_de_Cupido,,CICLOCALLES
Calle_de_la_Esfinge,,CICLOCALLES
Calle_del_Conde_de_las_Posadas,,CICLOCALLES
Calle_de_Luis_de_la_Mata,,CICLOCALLES
Calle_de_Pico_Moncayo,,CICLOCALLES
Calle_del_Disc¾bolo,,CICLOCALLES
Calle_de_GutiUrrez_Canales,,CICLOCALLES
Calle_de_Torre_Arias,,CICLOCALLES
Calle_de_Valderrobres,,CICLOCALLES
Calle_de_Villaescusa,,CICLOCALLES
Calle_de_Villasilos,,CICLOCALLES
Calle_de_Pobladura_del_Valle,,CICLOCALLES
Calle_de_Alberique,,CICLOCALLES
Calle_de_Alberique,,CICLOCALLES
Calle_de_Albaida,,CICLOCALLES
Calle_de_Julio_Chellini,,CICLOCALLES
Calle_de_Alberique,,CICLOCALLES
Calle_de_Julio_Chellini,,CICLOCALLES
Calle_de_Albaida,,CICLOCALLES
Calle_de_los_Aparejadores,,CICLOCALLES
Calle_de_Julio_Chellini,,CICLOCALLES
Calle_de_Gregorio_L¾pez_Madera,,CICLOCALLES
Calle_de_Gregorio_L¾pez_Madera,,CICLOCALLES
Calle_de_los_Aparejadores,,CICLOCALLES
Calle_de_los_Pintores,,CICLOCALLES
Calle_de_los_Delineantes,,CICLOCALLES
Calle_de_Miami,,CICLOCALLES
Calle_de_los_Hermanos_GarcÝa_Noblejas,,CICLOCALLES
"Calle_de_Orense,_Madrid",https://wikidata.org/entity/Q26761687,CICLOCALLES
Calle_de_Carlos_Rubio,,CICLOCALLES
"Calle_de_Almansa,_Madrid",https://wikidata.org/entity/Q54564278,CICLOCALLES
"Calle_de_San_Raimundo,_Madrid",https://wikidata.org/entity/Q28974673,CICLOCALLES
Calle_del_Pez_Austral,,CICLOCALLES
Calle_de_la_Estrella_Polar,,CICLOCALLES
"Calle_de_Juan_Esplandiu,_Madrid",https://wikidata.org/entity/Q57719867,CICLOCALLES
"Calle_de_Juan_Esplandiu,_Madrid",https://wikidata.org/entity/Q57719867,CICLOCALLES
Calle_de_Ambr¾s,,CICLOCALLES
Calle_de_Palas_de_Rey,,CICLOCALLES
Calle_de_Bocßngel,,CICLOCALLES
Calle_de_Ram¾n_de_Aguinaga,,CICLOCALLES
Paseo_del_MarquUs_de_Zafra,,CICLOCALLES
Calle_de_las_Islas_Jarvi,,CICLOCALLES
Calle_de_la_Isla_de_Java,,CICLOCALLES
Calle_de_Nuestra_Se±ora_de_Valverde,,CICLOCALLES
Calle_de_las_Islas_Bermudas,,CICLOCALLES
Calle_de_Aurelio_Gonzßlez_de_Gregorio,,CICLOCALLES
Callej¾n_de_D¾mine,,CICLOCALLES
Calle_de_la_Isla_de_Mindanao,,CICLOCALLES
Calle_de_las_PeonÝas,,CICLOCALLES
Calle_de_las_PeonÝas,,CICLOCALLES
Calle_de_Enrique_de_Prada,,CICLOCALLES
Calle_de_Hilario_Pe±asco,,CICLOCALLES
"Avenida_de_Guadalajara,_Madrid",https://wikidata.org/entity/Q52063521,CICLOCALLES
Calle_de_JosU_MarÝa_Fernßndez_Lanseros,,CICLOCALLES
Calle_de_Raquel_MUller,,CICLOCALLES
Calle_del_Ap¾stol_Santiago,,CICLOCALLES
"Avenida_de_Daroca,_Madrid",https://wikidata.org/entity/Q62107216,CICLOCALLES
"Avenida_de_Daroca,_Madrid",https://wikidata.org/entity/Q62107216,CICLOCALLES
Calle_de_Portugalete,,CICLOCALLES
Calle_de_Tirajana,,CICLOCALLES
Calle_de_Valleguerra,,CICLOCALLES
Calle_de_Alcalß,,CICLOCALLES
Calle_de_Cipriano_Sancho,,CICLOCALLES
Calle_de_Alcalß,,CICLOCALLES
Calle_de_Benidorm,,CICLOCALLES
Calle_de_los_Hermanos_G¾mez,,PEATONAL
Calle_de_Pablo_Lafargue,,CICLOCALLES
Calle_de_MarÝa_Teresa_Sßenz_de_Heredia,,CICLOCALLES
Calle_de_Santa_Genoveva,,CICLOCALLES
calle_de_Balbina_Valverde,https://wikidata.org/entity/Q28940350,CICLOCALLES
Calle_del_Nervi¾n,,CICLOCALLES
Calle_del_Tambre,,CICLOCALLES
Calle_del_Darro,,CICLOCALLES
Calle_de_Francisco_de_AsÝs_MUndez_Casariego,,CICLOCALLES
Calle_de_San_Julio,,CICLOCALLES
Calle_de_Durango,,CICLOCALLES
Calle_de_Gallarza,,CICLOCALLES
Calle_de_Las_Caleras,,CICLOCALLES
Calle_de_MarÝa_Francisca,,CICLOCALLES
"Calle_de_Cartagena,_Madrid",https://wikidata.org/entity/Q27038851,CICLOCALLES
Calle_de_Gustavo_Fernßndez_Balbuena,,CICLOCALLES
Calle_del_Sauce,,CICLOCALLES
Calle_de_?ngel_Hernßndez,,CICLOCALLES
Calle_de_MartÝn_Machio,,CICLOCALLES
Calle_de_Torpedero_Tucumßn,,CICLOCALLES
Calle_de_Romero_Gir¾n,,CICLOCALLES
Calle_de_Juan_Ram¾n_JimUnez,,CICLOCALLES
Calle_de_A±astro,,PEATONAL
Avenida_de_la_Gran_VÝa_de_Hortaleza,,PEATONAL
Calle_de_Alcorisa,,CICLOCALLES
Avenida_de_Machu_Picchu,,CICLOCALLES
Avenida_de_Machu_Picchu,,CICLOCALLES
Calle_de_Ram¾n_Power,,CICLOCALLES
Calle_de_la_Villa_de_Pons,,CICLOCALLES
Calle_de_EstÝbaliz,,CICLOCALLES
Calle_de_?ngel_Luis_de_la_Herrßn,,CICLOCALLES
Calle_de_JosU_MarÝa_Morelos,,CICLOCALLES
Calle_de_L¾pez_de_Hoyos,,CICLOCALLES
Calle_de_AndrUs_Obispo,,CICLOCALLES
Calle_Manzanar,,CICLOCALLES
Calle_de_la_Villa_de_Churriana,,CICLOCALLES
Plaza_de_Manuel_Rodrigo,,CICLOCALLES
Paseo_de_los_Melanc¾licos,,CICLOCALLES
Calle_de_Bercial,,CICLOCALLES
Paseo_de_los_Melanc¾licos,,CICLOCALLES
Paseo_de_los_Olmos,,CICLOCALLES
Calle_del_Concejal_Benito_MartÝn_Lozano,,CICLOCALLES
Calle_de_Las_Cigarreras,,CICLOCALLES
Calle_de_la_Ribera_de_Curtidores,https://wikidata.org/entity/Q5740938,CICLOCALLES
"Calle_de_Miguel_Servet,_Madrid",https://wikidata.org/entity/Q52158635,CICLOCALLES
Calle_de_SombrererÝa,,CICLOCALLES
"Calle_del_Doctor_Fourquet,_Madrid",https://wikidata.org/entity/Q27048305,CICLOCALLES
calle_de_Argumosa,https://wikidata.org/entity/Q5740806,CICLOCALLES
Calle_de_JosU_Antonio_de_Armona,,CICLOCALLES
"Calle_de_Mallorca,_Madrid",https://wikidata.org/entity/Q27048299,CICLOCALLES
Calle_de_Murcia,,CICLOCALLES
Paseo_de_Santa_MarÝa_de_la_Cabeza,,CICLOCALLES
"Paseo_de_la_Esperanza,_Madrid",https://wikidata.org/entity/Q55947011,CICLOCALLES
Calle_de_Sebastißn_Elcano,,CICLOCALLES
Calle_del_MarquUs_de_Toca,,CICLOCALLES
"Calle_de_Ventura_de_la_Vega,_Madrid",https://wikidata.org/entity/Q26831172,CICLOCALLES
Calle_de_la_Cooperativa_ElUctrica,,CICLOCALLES
Calle_de_la_Cooperativa_ElUctrica,,CICLOCALLES
Calle_de_Esteban_Carros,,CICLOCALLES
Calle_del_Padre_Llanos,,CICLOCALLES
Calle_del_Cristo_de_Lepanto,,CICLOCALLES
Calle_de_Mariano_Vela,,CICLOCALLES
Calle_de_Primitiva_Ga±ßn,,CICLOCALLES
Calle_de_Enrique_Fuentes,,CICLOCALLES
Calle_de_Madridejos,,CICLOCALLES
Calle_de_San_Casimiro,,CICLOCALLES
Calle_de_Manuel_Noya,,CICLOCALLES
Calle_del_Amor_Hermoso,,CICLOCALLES
Calle_de_Mirasierra,,CICLOCALLES
"Castle_Street,_Gibraltar",https://wikidata.org/entity/Q16825860,CICLOCALLES
Calle_de_Manuel_Noya,,CICLOCALLES
Calle_de_las_Escuelas,,CICLOCALLES
Calle_de_Alicante,,CICLOCALLES
Calle_del_Hierro,,CICLOCALLES
Calle_del_Granito,,CICLOCALLES
Calle_del_Cobre,,CICLOCALLES
Calle_de_los_Embajadores,,PEATONAL
Calle_de_Turmalina,,CICLOCALLES
Calle_de_Tomßs_Bret¾n,,CICLOCALLES
Calle_del_Sacramento,,CICLOCALLES
"Calle_de_San_Justo,_Madrid",https://wikidata.org/entity/Q32458483,CICLOCALLES
"Paseo_de_las_Delicias,_Madrid",https://wikidata.org/entity/Q6065662,CICLOCALLES
"Calle_de_Bustamante,_Madrid",https://wikidata.org/entity/Q27430098,CICLOCALLES
Estaci¾n_de_Delicias,,CICLOCALLES
Magdalena_street,https://wikidata.org/entity/Q17181780,CICLOCALLES
Plaza_de_Jacinto_Benavente,,CICLOCALLES
cai_Clara_Campoamor,https://wikidata.org/entity/Q62087714,CICLOCALLES
Calle_de_Francisco_GarcÝa,,CICLOCALLES
Calle_de_?lvarez_Abellßn,,CICLOCALLES
Calle_del_Jilguero,,CICLOCALLES
Calle_del_PelÝcano,,CICLOCALLES
Avenida_de_Abrantes,,CICLOCALLES
Calle_de_Braganza,,CICLOCALLES
Calle_de_la_Parra,,CICLOCALLES
Calle_del_Doctor_Espina,,CICLOCALLES
Calle_de_Ferreira,,CICLOCALLES
Calle_de_Castro_de_Oro,,CICLOCALLES
Calle_de_Luisa_Mu±oz,,CICLOCALLES
Calle_del_Cuclillo,,CICLOCALLES
Calle_de_la_Oca,,CICLOCALLES
Calle_de_Zaida,,CICLOCALLES
Calle_del_Pinz¾n,,CICLOCALLES
Calle_de_Blasa_PUrez,,CICLOCALLES
Calle_de_Eurico,,CICLOCALLES
Calle_de_Rasc¾n,,CICLOCALLES
Calle_de_Witiza,,CICLOCALLES
Calle_de_Atanagildo,,CICLOCALLES
Calle_de_Gundemaro,,CICLOCALLES
Calle_de_Santa_Catalina_de_Laboure,,CICLOCALLES
Calle_de_Tinam·s,,CICLOCALLES
Calle_de_Mercedes_Arteaga,,CICLOCALLES
Calle_de_Antonio_Gonzßlez_Porras,,CICLOCALLES
Calle_de_Guadalete,,CICLOCALLES
Paseo_de_Santa_MarÝa_de_la_Cabeza,,CICLOCALLES
Calle_de_Baleares,,CICLOCALLES
Calle_de_Antonio_Corpas,,CICLOCALLES
Calle_de_Juan_PUrez_Almeida,,CICLOCALLES
Calle_de_Lola_Membrives,,CICLOCALLES
Calle_de_JoaquÝn_MartÝn,,CICLOCALLES
Calle_de_Jacinto_Verdaguer,,CICLOCALLES
Calle_de_Ernest_Hemingway,,CICLOCALLES
Calle_de_Vicente_Quesada,,CICLOCALLES
Calle_de_Gallur,,CICLOCALLES
Calle_VÝa_Carpetana,,CICLOCALLES
Calle_de_Ram¾n_AzorÝn,,CICLOCALLES
Calle_de_la_Alhambra,,CICLOCALLES
Calle_del_PalmÝpedo,,CICLOCALLES
Calle_de_Francisca_Armada,,CICLOCALLES
Calle_de_Saturnino_Morßn,,CICLOCALLES
Calle_de_Hernßn_CortUs,,CICLOCALLES
Calle_del_Obispo_Trejo,,CICLOCALLES
Calle_de_la_Princesa,,PEATONAL
Plaza_de_San_Ildefonso,,PEATONAL
Calle_Gran_VÝa,,PEATONAL
Calle_de_GarcÝa_Molinas,,CICLOCALLES
"Calle_de_los_Donados,_Madrid",https://wikidata.org/entity/Q28007290,CICLOCALLES
"Calle_de_la_Flora,_Madrid",https://wikidata.org/entity/Q27044256,CICLOCALLES
Calle_de_la_Cava_de_San_Miguel,,CICLOCALLES
Calle_de_los_Cuchilleros,https://wikidata.org/entity/Q29005894,CICLOCALLES
Calle_de_Concepci¾n_Jer¾nima,,CICLOCALLES
Paseo_de_Pontones,,CICLOCALLES
Calle_de_La_Maso,,CICLOCALLES
Calle_de_?beda,,CICLOCALLES
Camino_Viejo_de_Burgos,,CICLOCALLES
Calle_de_Manuel_Aza±a,,CICLOCALLES
Paseo_de_las_Alamedillas,,CICLOCALLES
Calle_de_Francisco_del_Pozo,,CICLOCALLES
Paseo_del_Comandante_Fortea,,CICLOCALLES
Paseo_de_Julio_Romero_de_Torres,,CICLOCALLES
Calle_de_la_BahÝa,,CICLOCALLES
Calle_del_Cristo_de_la_Victoria,,CICLOCALLES
Calle_de_Jes·s_del_Gran_Poder,,CICLOCALLES
Calle_de_Almendrales,,CICLOCALLES
Calle_de_las_Hijas_de_Jes·s,,CICLOCALLES
Calle_de_Caramuel,,CICLOCALLES
Calle_de_Santa_?rsula,,CICLOCALLES
Calle_de_la_Industria,,PEATONAL
Calle_del_Ferial,,CICLOCALLES
Calle_de_Meneses,,CICLOCALLES
Calle_del_Cerro_Negro,,CICLOCALLES
Calle_de_las_Gardenias,,CICLOCALLES
Calle_de_Agave,,CICLOCALLES
Hospital_Doce_de_Octubre,,PEATONAL
Hospital_Doce_de_Octubre,,CICLOCALLES
Calle_del_Doctor_Tolosa_Latour,,CICLOCALLES
Hospital_Doce_de_Octubre,,CICLOCALLES
Hospital_Doce_de_Octubre,,PEATONAL
Hospital_Doce_de_Octubre,,CICLOCALLES
Calle_de_San_CrispÝn,,CICLOCALLES
Calle_de_Do±a_Mencia,,CICLOCALLES
Calle_de_AvilUs,,CICLOCALLES
Calle_de_Caramuel,,CICLOCALLES
Calle_de_Caramuel,,PEATONAL
Calle_de_Meneses,,CICLOCALLES
Calle_del_Puerto_de_la_Cruz_Verde,,CICLOCALLES
Calle_del_Puerto_de_la_Cruz_Verde,,CICLOCALLES
Calle_de_Puerto_Serrano,,CICLOCALLES
Calle_de_Puerto_Serrano,,CICLOCALLES
Calle_de_los_Embajadores,,CICLOCALLES
Calle_de_Cabeza_del_Villar,,CICLOCALLES
Calle_del_Concejal_Francisco_JosU_JimUnez_MartÝn,,CICLOCALLES
Calle_de_Miguel_Aracil,,CICLOCALLES
Calle_de_Miguel_Aracil,,PEATONAL
Estaci¾n_de_ChamartÝn,,CICLOCALLES
Calle_del_Arzobispo_Morcillo,,CICLOCALLES
Calle_del_Arzobispo_Morcillo,,CICLOCALLES
Hospital_Ram¾n_y_Cajal,,CICLOCALLES
Calle_de_San_Modesto,,CICLOCALLES
Calle_de_San_Modesto,,CICLOCALLES
Avenida_del_Cardenal_Herrera_Oria,https://wikidata.org/entity/Q27556319,CICLOCALLES
Calle_de_Monasterio_de_Las_Huelgas,,CICLOCALLES
Calle_de_Monasterio_de_Oseira,,CICLOCALLES
Calle_de_La_Cabrera,,CICLOCALLES
Calle_de_Torrelaguna,,CICLOCALLES
Calle_de_la_Chirimoya,,CICLOCALLES
Camino_de_las_Cruces,,CICLOCALLES
Camino_de_las_Cruces,,CICLOCALLES
Camino_de_Prado_Redondo,,CICLOCALLES
Calle_de_Ildefonso_Gonzßlez_Valencia,,CICLOCALLES
Calle_de_Doroteo_Laborda,,CICLOCALLES
Plaza_de_Cupido,,CICLOCALLES
Calle_de_Alberto_Palacios,,CICLOCALLES
Calle_de_Santa_Petronila,,CICLOCALLES
Calle_de_la_Antracita,,CICLOCALLES
Calle_de_Julißn_Rabanedo,,CICLOCALLES
Calle_de_Ricardo_Goizueta,,CICLOCALLES
Calle_de_Tomßs_Bret¾n,,CICLOCALLES
Calle_del_Payaso_Fof¾,,CICLOCALLES
Calle_del_Monte_Perdido,,CICLOCALLES
Camino_de_Valderribas,,CICLOCALLES
Calle_de_JosU_Paulete,,CICLOCALLES
Calle_de_Carlos_SolU,,CICLOCALLES
Plaza_del_Doctor_Lozano,,CICLOCALLES
Plaza_del_Doctor_Lozano,,CICLOCALLES
Calle_de_Toledo,https://wikidata.org/entity/Q5740883,CICLOCALLES
"Calle_de_Juanelo,_Madrid",https://wikidata.org/entity/Q28045186,CICLOCALLES
Plaza_de_la_Cebada,,CICLOCALLES
Plaza_del_?ngel,,CICLOCALLES
Plaza_de_Santa_Ana,,CICLOCALLES
Paseo_de_la_Ermita_del_Santo,https://wikidata.org/entity/Q28137105,CICLOCALLES
Calle_de_San_Galo,,CICLOCALLES
Avenida_del_Manzanares,,CICLOCALLES
Calle_de_Menorca,,CICLOCALLES
Calle_del_MarquUs_de_la_Ensenada,,CICLOCALLES
Calle_de_GUnova,,CICLOCALLES
Ronda_del_Tren,,CICLOCALLES
Calle_de_la_Rosa_de_Luxemburgo,,CICLOCALLES
Calle_de_Colomer,,CICLOCALLES
"Calle_del_General_Kirkpatrick,_Madrid",https://wikidata.org/entity/Q29909274,CICLOCALLES
calle_de_Arturo_Soria,https://wikidata.org/entity/Q8255504,CICLOCALLES
Avenida_de_las_Piceas,,CICLOCALLES
Calle_de_Dionisio_Inca_Yupanqui,,CICLOCALLES
Plaza_del_Liceo,,CICLOCALLES
calle_de_Silvano,https://wikidata.org/entity/Q29917316,CICLOCALLES
Calle_de_Alejandro_Rodriguez,,CICLOCALLES
Calle_de_Moguer,,CICLOCALLES
Calle_del_Alcalde_MartÝn_de_Alzaga,,CICLOCALLES
Calle_de_los_Mßrtires_Maristas,,CICLOCALLES
Calle_de_Trajano,,CICLOCALLES
Calle_de_Alfonso_RodrÝguez_Castelao,,CICLOCALLES
Calle_de_Leopoldo_Alas_ClarÝn,,CICLOCALLES
Calle_de_Vicente_Blasco_Ibß±ez,,CICLOCALLES
Calle_de_los_Padres_Dominicos,,CICLOCALLES
Camino_de_San_Chinarro,,CICLOCALLES
Calle_del_P¾rtico_de_la_Gloria,,CICLOCALLES
Calle_del_Camino_de_Santiago,,CICLOCALLES
Calle_del_P¾rtico_de_la_Gloria,,CICLOCALLES
Calle_de_la_Isla_de_Oza,,CICLOCALLES
Calle_de_la_Condesa_de_Venadito,,CICLOCALLES
"Calle_de_la_Rosa,_Madrid",https://wikidata.org/entity/Q29050777,CICLOCALLES
Calle_del_Ave_MarÝa,,CICLOCALLES
Avenida_de_Manoteras,,CICLOCALLES
Calle_de_los_Escribanos,,CICLOCALLES
Calle_de_Doroteo_Laborda,,CICLOCALLES
Paseo_de_los_Ferroviarios,,CICLOCALLES
Calle_de_Domingo_Pßrraga,,CICLOCALLES
calle_de_la_Cabeza,https://wikidata.org/entity/Q20908816,CICLOCALLES
"Calle_de_los_Estudios,_Madrid",https://wikidata.org/entity/Q52158093,CICLOCALLES
Calle_de_la_Ribera_de_Curtidores,https://wikidata.org/entity/Q5740938,CICLOCALLES
Calle_del_Prado,https://wikidata.org/entity/Q16389845,CICLOCALLES
Calle_del_Prado,https://wikidata.org/entity/Q16389845,CICLOCALLES
"Calle_de_la_Torrecilla_del_Leal,_Madrid",https://wikidata.org/entity/Q52153316,CICLOCALLES
Calle_de_Maldonadas,,CICLOCALLES
"Calle_de_la_Cava_Baja,_Madrid",https://wikidata.org/entity/Q5740900,CICLOCALLES
Calle_de_Braojos,,CICLOCALLES
Calle_de_Apolonio_Morales,,CICLOCALLES
Calle_de_Condes_del_Val,,CICLOCALLES
Calle_de_Veracruz,,CICLOCALLES
"Calle_de_Julian_Besteiro,_Madrid",https://wikidata.org/entity/Q26806522,CICLOCALLES
"Calle_del_Profesor_Waksman,_Madrid",https://wikidata.org/entity/Q28740138,CICLOCALLES
Calle_de_Juan_Ram¾n_JimUnez,,CICLOCALLES
Avenida_del_Santo_?ngel_de_la_Guarda,,CICLOCALLES
Calle_del_Camino_de_Le±eros,,CICLOCALLES
Avenida_del_Doctor_Federico_Rubio_y_GalÝ,,CICLOCALLES
Pasaje_de_las_Bellas_Vistas,,CICLOCALLES
Calle_del_Doctor_Reinosa,,CICLOCALLES
Calle_de_Alfonso_Rodriguez_Castelao,,CICLOCALLES
Calle_de_RosalÝa_de_Castro,,CICLOCALLES
Calle_de_Isabel_Clara_Eugenia,,CICLOCALLES
Calle_de_Manuel_Pombo_Angulo,,CICLOCALLES
"Avenida_de_Europa,_El_Puerto_de_Santa_Maria",https://wikidata.org/entity/Q56682082,CICLOCALLES
Calle_del_P¾rtico_de_la_Gloria,,CICLOCALLES
Calle_de_Ana_de_Austria,,CICLOCALLES
Calle_de_Isabel_Clara_Eugenia,,CICLOCALLES
Avenida_de_Manoteras,,CICLOCALLES
Camino_de_la_Fuente_de_la_Mora,,CICLOCALLES
Avenida_de_la_Fuente_de_la_Mora,,CICLOCALLES
Calle_de_Ana_de_Austria,,CICLOCALLES
Avenida_de_Manoteras,,CICLOCALLES
Camino_de_Fuencarral_a_Hortaleza,,CICLOCALLES
Avenida_de_Manoteras,,CICLOCALLES
Calle_de_Montearag¾n,,CICLOCALLES
Calle_de_Manuel_Uribe,,CICLOCALLES
Calle_de_Florencio_Castillo,,CICLOCALLES
Calle_de_Mahonia,,CICLOCALLES
Calle_de_Chicuelo,,CICLOCALLES
Calle_de_JosU_Domingo_Rus,,CICLOCALLES
Calle_de_Ulises,,CICLOCALLES
Calle_del_Puentecillo,,CICLOCALLES
Calle_de_Andorra,,CICLOCALLES
Calle_de_Deyanira,,CICLOCALLES
Calle_de_Acceso_a_la_estaci¾n_de_O?Donnell,,CICLOCALLES
rue_Monte_Esquinza,https://wikidata.org/entity/Q26837594,CICLOCALLES
"Calle_de_Tamayo_y_Baus,_Madrid",https://wikidata.org/entity/Q54087402,CICLOCALLES
Estaci¾n_de_Atocha,,CICLOCALLES
calle_de_Rafael_de_Riego,https://wikidata.org/entity/Q27430115,CICLOCALLES
Calle_del_Doce_de_Octubre,,CICLOCALLES
Avenida_del_Mediterrßneo,,CICLOCALLES
Avenida_del_Manzanares,,CICLOCALLES
Avenida_del_Manzanares,,CICLOCALLES
Calle_de_Baleares,,CICLOCALLES
Calle_de_Sanarmengol,,CICLOCALLES
Calle_de_Antonio_L¾pez,,CICLOCALLES
Calle_de_Carmen_Bruguera,,CICLOCALLES
Calle_de_Jorge_Juan,https://wikidata.org/entity/Q28070822,CICLOCALLES
Calle_Duque_de_Sesto,,CICLOCALLES
Calle_Arrastaria,,CICLOCALLES
Calle_Samaniego,,CICLOCALLES
Calle_Samaniego,,CICLOCALLES
Calle_Esfinge,,CICLOCALLES
Calle_Hulla,,CICLOCALLES
Calle_Benimamet,,CICLOCALLES
Avenida_Monasterio_de_Silos,,CICLOCALLES
Calle_Pez_Volador,,CICLOCALLES
Calle_Samaria,,CICLOCALLES
Avenida_Nazare,https://wikidata.org/entity/Q54819754,CICLOCALLES
Avenida_Nazare,https://wikidata.org/entity/Q54819754,CICLOCALLES
Calle_Astros,,CICLOCALLES
Intercambiador_Pza._Castilla,,PEATONAL
Calle_de_San_Benito,,CICLOCALLES
Calle_de_San_Benito,,CICLOCALLES
Calle_de_San_Benito,,CICLOCALLES
